BEGIN TRANSACTION;
CREATE TABLE IF NOT EXISTS Firma (
        ID INTEGER PRIMARY KEY,
        Nazwa TEXT,
        Adres TEXT
    );
INSERT INTO "Firma" VALUES(1,'Limango Polska','None');
INSERT INTO "Firma" VALUES(2,'Datumo','None');
INSERT INTO "Firma" VALUES(3,'Pragmile','None');
INSERT INTO "Firma" VALUES(4,'ITDS','Amvox / APPR / Asperion / ITDS, Gooimeer, Naarden, Gooise Meren, Noord-Holland, Nederland, 1411 DD, Nederland');
INSERT INTO "Firma" VALUES(5,'Remitly','None');
INSERT INTO "Firma" VALUES(6,'InfiniteDATA','None');
INSERT INTO "Firma" VALUES(7,'Prime Force','None');
INSERT INTO "Firma" VALUES(8,'Sunscrapers','None');
INSERT INTO "Firma" VALUES(9,'Haddad Brands Europe','None');
INSERT INTO "Firma" VALUES(10,'Altimetrik Poland','None');
INSERT INTO "Firma" VALUES(11,'Tesco Technology','Tesco Café, South Road, Charleston, Dundee, Dundee City, Alba / Scotland, DD2 4SR, United Kingdom');
INSERT INTO "Firma" VALUES(12,'Trans.eu Group SA','None');
INSERT INTO "Firma" VALUES(13,'MasterBorn Sp. z o.o.','None');
INSERT INTO "Firma" VALUES(14,'Plenti','Plenti, 17, Calle Moreto, Jerónimos, Retiro, Madrid, Comunidad de Madrid, 28014, España');
INSERT INTO "Firma" VALUES(15,'Kitopi','Kitopi, Tanganyika, République démocratique du Congo');
INSERT INTO "Firma" VALUES(16,'DevsData LLC','None');
INSERT INTO "Firma" VALUES(17,'Agora SA','Agora, 8/10, Czerska, Marcelin, Sielce, Mokotów, Warszawa, województwo mazowieckie, 00-732, Polska');
INSERT INTO "Firma" VALUES(18,'dmTECH Polska','dmTECH Polska, 13, Jaworska, Szczepin, Wrocław, województwo dolnośląskie, 53-612, Polska');
INSERT INTO "Firma" VALUES(19,'Sigmoidal','None');
INSERT INTO "Firma" VALUES(20,'Lite e-Commerce','None');
INSERT INTO "Firma" VALUES(21,'emagine Polska','Emagine, 28, Wielicka, Kabel, Podgórze, Kraków, województwo małopolskie, 30-554, Polska');
INSERT INTO "Firma" VALUES(22,'GetInData | Part of Xebia','None');
INSERT INTO "Firma" VALUES(23,'BPMRIDERS','None');
INSERT INTO "Firma" VALUES(24,'in4ge sp. z o.o.','None');
INSERT INTO "Firma" VALUES(25,'N-iX','N-iX, 32, вулиця Олекси Стороженка, Левандівка, Залізничний район, Львів, Львівська міська громада, Львівський район, Львівська область, 79000, Україна');
INSERT INTO "Firma" VALUES(26,'Sporty Group','None');
INSERT INTO "Firma" VALUES(27,'7N','7N Road 505, Montrose County, Colorado, United States');
INSERT INTO "Firma" VALUES(28,'Omni Calculator','None');
INSERT INTO "Firma" VALUES(29,'Tooploox','None');
INSERT INTO "Firma" VALUES(30,'VirtusLab','None');
INSERT INTO "Firma" VALUES(31,'Devopsbay','None');
INSERT INTO "Firma" VALUES(32,'Kainos','Kainos, Upper Crescent, Queen|s Quarter, Belfast, County Antrim, Northern Ireland / Tuaisceart Éireann, BT7 1NZ, United Kingdom');
INSERT INTO "Firma" VALUES(33,'Britenet','Britenet, Morwowa, Rury Brygidkowskie, Konstantynów, Lublin, województwo lubelskie, 20-701, Polska');
INSERT INTO "Firma" VALUES(34,'CSHARK','None');
INSERT INTO "Firma" VALUES(35,'Islandsbanki','Islandsbanki, 74, Álfheimar, Heimar, Laugardalur, Reykjavíkurborg, Höfuðborgarsvæðið, 104, Ísland');
INSERT INTO "Firma" VALUES(36,'Sigma IT Poland','None');
INSERT INTO "Firma" VALUES(37,'hubQuest','None');
INSERT INTO "Firma" VALUES(38,'RITS Professional Services','None');
INSERT INTO "Firma" VALUES(39,'Ework Group','None');
INSERT INTO "Firma" VALUES(40,'Onwelo Sp. z o.o.','None');
INSERT INTO "Firma" VALUES(41,'Crestt','None');
INSERT INTO "Firma" VALUES(42,'Craftware','None');
INSERT INTO "Firma" VALUES(43,'Rite NRG','None');
INSERT INTO "Firma" VALUES(44,'Opensignal','None');
INSERT INTO "Firma" VALUES(45,'Reply Polska Sp. z o. o.','None');
INSERT INTO "Firma" VALUES(46,'Justpoint','None');
INSERT INTO "Firma" VALUES(47,'Qodeca','None');
INSERT INTO "Firma" VALUES(48,'IN Team','In-Team, 36a, Korenbloemenstraat, Kraainem, Halle-Vilvoorde, Vlaams-Brabant, 1950, België / Belgique / Belgien');
INSERT INTO "Firma" VALUES(49,'VOLT','Volt, Wolf Point District / šųktógeja oʾípa, Roosevelt County, Montana, United States');
INSERT INTO "Firma" VALUES(50,'CLOUDFIDE','None');
INSERT INTO "Firma" VALUES(51,'Blazity','None');
INSERT INTO "Firma" VALUES(52,'Scalac','None');
INSERT INTO "Firma" VALUES(53,'DO OK S.A.','None');
INSERT INTO "Firma" VALUES(54,'BlockWise','None');
INSERT INTO "Firma" VALUES(55,'DCV Technologies','None');
CREATE TABLE IF NOT EXISTS Kategoria (
        ID INTEGER PRIMARY KEY,
        Nazwa TEXT
    );
INSERT INTO "Kategoria" VALUES(1,'Data');
CREATE TABLE IF NOT EXISTS Oferta (
        ID INTEGER PRIMARY KEY,
        ID_Stanowiska INTEGER,
        ID_Firmy INTEGER,
        ID_Kategorii INTEGER,
        ID_Waluty INTEGER,
        ID_Źródła INTEGER,
        Link TEXT,
        Umiejętności TEXT,
        Seniority TEXT,
        Wynagrodzenie_MIN INTEGER,
        Wynagrodzenie_MAX INTEGER,
        Podsumowanie TEXT,
        FOREIGN KEY (ID_Stanowiska) REFERENCES Stanowisko(ID),
        FOREIGN KEY (ID_Firmy) REFERENCES Firma(ID),
        FOREIGN KEY (ID_Kategorii) REFERENCES Kategoria(ID),
        FOREIGN KEY (ID_Waluty) REFERENCES Waluta(ID),
        FOREIGN KEY (ID_Źródła) REFERENCES Źródło(ID)
    );
INSERT INTO "Oferta" VALUES(1,1,1,1,1,1,'https://justjoin.it/offers/limango-polska-experienced-machine-learning-engineer-krakow','1,2,3,4,5','Mid',16000,19000,'If you''re looking for a company that shares these values, we''d love to have you on board..css-1yuhvjn{margin-top:16px;}.css-33wkgj{font-family:Open Sans;font-weight:500;font-size:0.875rem;line-height:1.75;letter-spacing:0.02857em;text-transform:uppercase;-webkit-text-decoration:none;text-decoration:none;font-style:normal;min-width:64px;padding:6px 16px;border-radius:4px;-webkit-transition:background-color 250ms cubic-bezier(0.4, 0, 0.2, 1) 0ms,box-shadow 250ms cubic-bezier(0.4, 0, 0.2, 1) 0ms,border-color 250ms cubic-bezier(0.4, 0, 0.2, 1) 0ms,color 250ms cubic-bezier(0.4, 0, 0.2, 1) 0ms;transition:background-color 250ms cubic-bezier(0.4, 0, 0.2, 1) 0ms,box-shadow 250ms cubic-bezier(0.4, 0, 0.2, 1) 0ms,border-color 250ms cubic-bezier(0.4, 0, 0.2, 1) 0ms,color 250ms cubic-bezier(0.4, 0, 0.2, 1) 0ms;border-radius:100px;text-transform:none;color:#FFFFFF;background:#FF4081;-webkit-transition:background-color 100ms cubic-bezier(0.4, 0, 0.2, 1) 0ms,box-shadow 100ms cubic-bezier(0.4, 0, 0.2, 1) 0ms,border-color 100ms cubic-bezier(0.4, 0, 0.2, 1) 0ms,color 100ms cubic-bezier(0.4, 0, 0.2, 1) 0ms;transition:background-color 100ms cubic-bezier(0.4, 0, 0.2, 1) 0ms,box-shadow 100ms cubic-bezier(0.4, 0, 0.2, 1) 0ms,border-color 100ms cubic-bezier(0.4, 0, 0.2, 1) 0ms,color 100ms cubic-bezier(0.4, 0, 0.2, 1) 0ms;-webkit-animation:animation-1ndqo2f 100ms ease-in-out 1;animation:animation-1ndqo2f 100ms ease-in-out 1;padding:11px 16px;white-space:nowrap;font-weight:600;letter-spacing:0.15px;font-size:15px;line-height:unset;min-width:unset;font-weight:600;font-size:13px;line-height:22px;letter-spacing:0.1px;font-family:Open Sans;height:40px;padding:8px 16px;background:#F3F6F8;border:1px solid #E4E8F0;color:#282A3A;}.css-33wkgj:hover{-webkit-text-decoration:none;text-decoration:none;background-color:rgba(29, 30, 37, 0.04);}@media (hover: none){.css-33wkgj:hover{background-color:transparent;}}.css-33wkgj.Mui-disabled{color:rgba(0, 0, 0, 0.26);}.css-33wkgj:active{box-shadow:0px 0px 0px 3px rgba(131, 138, 196, 0.1);}.css-33wkgj svg{color:#FFFFFF;}.css-33wkgj svg{height:24px;width:24px;}.css-33wkgj .MuiCircularProgress-root{height:24px!important;width:24px!important;}@media (hover: hover){.css-33wkgj:hover{border:1px solid #282A3A;background:#F3F6F8;}}@media (hover:none){.css-33wkgj:hover{background:#F3F6F8;border:1px solid #E4E8F0;color:#282A3A;}}.css-33wkgj.Mui-disabled{color:#9496A1;border:1px solid #9496A1;}.css-33wkgj.Mui-disabled svg{color:#9496A1;}.css-33wkgj svg{color:#282A3A;}@-webkit-keyframes animation-1ndqo2f{from{opacity:0;}to{opacity:1;}}@keyframes animation-1ndqo2f{from{opacity:0;}to{opacity:1;}}.css-11ykhfl{display:-webkit-inline-box;display:-webkit-inline-flex;display:-ms-inline-flexbox;display:inline-flex;-webkit-align-items:center;-webkit-box-align:center;-ms-flex-align:center;align-items:center;-webkit-box-pack:center;-ms-flex-pack:center;-webkit-justify-content:center;justify-content:center;position:relative;box-sizing:border-box;-webkit-tap-highlight-color:transparent;background-color:transparent;outline:0;border:0;margin:0;border-radius:0;padding:0;cursor:pointer;-webkit-user-select:none;-moz-user-select:none;-ms-user-select:none;user-select:none;vertical-align:middle;-moz-appearance:none;-webkit-appearance:none;-webkit-text-decoration:none;text-decoration:none;color:inherit;font-family:Open Sans;font-weight:500;font-size:0.875rem;line-height:1.75;letter-spacing:0.02857em;text-transform:uppercase;-webkit-text-decoration:none;text-decoration:none;font-style:normal;min-width:64px;padding:6px 16px;border-radius:4px;-webkit-transition:background-color 250ms cubic-bezier(0.4, 0, 0.2, 1) 0ms,box-shadow 250ms cubic-bezier(0.4, 0, 0.2, 1) 0ms,border-color 250ms cubic-bezier(0.4, 0, 0.2, 1) 0ms,color 250ms cubic-bezier(0.4, 0, 0.2, 1) 0ms;transition:background-color 250ms cubic-bezier(0.4, 0, 0.2, 1) 0ms,box-shadow 250ms cubic-bezier(0.4, 0, 0.2, 1) 0ms,border-color 250ms cubic-bezier(0.4, 0, 0.2, 1) 0ms,color 250ms cubic-bezier(0.4, 0, 0.2, 1) 0ms;border-radius:100px;text-transform:none;color:#FFFFFF;background:#FF4081;-webkit-transition:background-color 100ms cubic-bezier(0.4, 0, 0.2, 1) 0ms,box-shadow 100ms cubic-bezier(0.4, 0, 0.2, 1) 0ms,border-color 100ms cubic-bezier(0.4, 0, 0.2, 1) 0ms,color 100ms cubic-bezier(0.4, 0, 0.2, 1) 0ms;transition:background-color 100ms cubic-bezier(0.4, 0, 0.2, 1) 0ms,box-shadow 100ms cubic-bezier(0.4, 0, 0.2, 1) 0ms,border-color 100ms cubic-bezier(0.4, 0, 0.2, 1) 0ms,color 100ms cubic-bezier(0.4, 0, 0.2, 1) 0ms;-webkit-animation:animation-1ndqo2f 100ms ease-in-out 1;animation:animation-1ndqo2f 100ms ease-in-out 1;padding:11px 16px;white-space:nowrap;font-weight:600;letter-spacing:0.15px;font-size:15px;line-height:unset;min-width:unset;font-weight:600;font-size:13px;line-height:22px;letter-spacing:0.1px;font-family:Open Sans;height:40px;padding:8px 16px;background:#F3F6F8;border:1px solid #E4E8F0;color:#282A3A;}.css-11ykhfl::-moz-focus-inner{border-style:none;}.css-11ykhfl.Mui-disabled{pointer-events:none;cursor:default;}@media print{.css-11ykhfl{-webkit-print-color-adjust:exact;color-adjust:exact;}}.css-11ykhfl:hover{-webkit-text-decoration:none;text-decoration:none;background-color:rgba(29, 30, 37, 0.04);}@media (hover: none){.css-11ykhfl:hover{background-color:transparent;}}.css-11ykhfl.Mui-disabled{color:rgba(0, 0, 0, 0.26);}.css-11ykhfl:active{box-shadow:0px 0px 0px 3px rgba(131, 138, 196, 0.1);}.css-11ykhfl svg{color:#FFFFFF;}.css-11ykhfl svg{height:24px;width:24px;}.css-11ykhfl .MuiCircularProgress-root{height:24px!important;width:24px!important;}@media (hover: hover){.css-11ykhfl:hover{border:1px solid #282A3A;background:#F3F6F8;}}@media (hover:none){.css-11ykhfl:hover{background:#F3F6F8;border:1px solid #E4E8F0;color:#282A3A;}}.css-11ykhfl.Mui-disabled{color:#9496A1;border:1px solid #9496A1;}.css-11ykhfl.Mui-disabled svg{color:#9496A1;}.css-11ykhfl svg{color:#282A3A;}.css-15rg8cp{opacity:1;display:-webkit-box;display:-webkit-flex;display:-ms-flexbox;display:flex;-webkit-align-items:center;-webkit-box-align:center;-ms-flex-align:center;align-items:center;}Company profile.css-18jgn7k{padding:16px;position:relative;border-radius:6px;background-color:#FFFFFF;}.css-18jgn7k:not(:last-child){margin-bottom:24px;}@media (min-width:900px){.css-18jgn7k{padding:16px;}}@media (min-width:1100px){.css-18jgn7k{padding:24px;}}.css-qal8sw{padding:16px;position:relative;border-radius:6px;background-color:#FFFFFF;}.css-qal8sw:not(:last-child){margin-bottom:24px;}@media (min-width:900px){.css-qal8sw{padding:16px;}}@media (min-width:1100px){.css-qal8sw{padding:24px;}}.css-tdc3dz{margin:0;font-family:Open Sans;font-weight:600;font-size:24px;line-height:32px;letter-spacing:0;-webkit-text-decoration:none;text-decoration:none;font-style:normal;font-family:Open Sans;margin-bottom:24px;font-family:Open Sans;}Tech stack.css-1uak81x{display:-webkit-box;display:-webkit-flex;display:-ms-flexbox;display:flex;-webkit-box-pack:start;-ms-flex-pack:start;-webkit-justify-content:flex-start;justify-content:flex-start;-webkit-align-items:flex-start;-webkit-box-align:flex-start;-ms-flex-align:flex-start;align-items:flex-start;-webkit-box-flex-wrap:wrap;-webkit-flex-wrap:wrap;-ms-flex-wrap:wrap;flex-wrap:wrap;width:100%;gap:12px;margin-top:32px;margin-bottom:16px;padding-left:6px;max-width:100%;}.css-cjymd2{display:-webkit-box;display:-webkit-flex;display:-ms-flexbox;display:flex;width:200px;}.css-1fhgjcy{margin-top:4px;}.css-x1xnx3{margin:0;font-family:Open Sans;font-weight:600;font-size:16px;line-height:28px;letter-spacing:0.15px;-webkit-text-decoration:none;text-decoration:none;font-style:normal;font-family:Open Sans;font-family:Open Sans;margin-top:4px;}Machine Learning.css-1qii1b7{display:-webkit-box;display:-webkit-flex;display:-ms-flexbox;display:flex;padding:0;}.css-j1kr6i{display:block;width:10px;height:10px;border-radius:50%;margin:0 10px 0 0;background-color:#FF4081;cursor:auto;-webkit-transition:.3s background-color;transition:.3s background-color;}.css-j1kr6i:hover{background-color:#B22C5B;}.css-1a4za78{display:block;width:10px;height:10px;border-radius:50%;margin:0 10px 0 0;background-color:#9496A1;cursor:auto;-webkit-transition:.3s background-color;transition:.3s background-color;}.css-1a4za78:hover{background-color:#5B5D6B;}.css-1497su{color:#5F656B;text-transform:capitalize;}.css-1wcj8lw{margin:0;font-weight:600;font-size:12px;line-height:20px;letter-spacing:0.1px;font-family:Open Sans;font-family:Open Sans;font-family:Open Sans;color:#5F656B;text-transform:capitalize;}regularPySparkregularGoogle CloudregularSQLregularPythonregular.css-1xdsoxh{display:-webkit-box;display:-webkit-flex;display:-ms-flexbox;display:flex;-webkit-column-gap:16px;column-gap:16px;margin-bottom:24px;}.css-1p30mx{display:-webkit-box;display:-webkit-flex;display:-ms-flexbox;display:flex;-webkit-column-gap:16px;column-gap:16px;margin-bottom:24px;}.css-1xhdodb{margin:0;font-family:Open Sans;font-weight:600;font-size:24px;line-height:32px;letter-spacing:0;-webkit-text-decoration:none;text-decoration:none;font-style:normal;font-family:Open Sans;font-family:Open Sans;}Job description.css-1kqj90r{font-weight:600;font-size:10px;line-height:14px;letter-spacing:0.1px;font-family:Open Sans;}.css-1kqj90r .MuiTooltip-tooltip{min-height:22px;max-width:300px;color:#FFFFFF;font-weight:600;font-size:10px;line-height:14px;letter-spacing:0.1px;font-family:Open Sans;}.css-1v5d7dd{color:#282A3A;background:#E4E8F0;border-radius:100px;font-size:12px;height:32px;display:-webkit-box;display:-webkit-flex;display:-ms-flexbox;display:flex;-webkit-align-items:center;-webkit-box-align:center;-ms-flex-align:center;align-items:center;-webkit-box-pack:center;-ms-flex-pack:center;-webkit-justify-content:center;justify-content:center;border:none;padding:6px;}.css-634b2t{color:#282A3A;width:20px;height:20px;margin-right:4px;}.css-634b2t svg{width:20px;height:20px;}.css-m748um{font-weight:600;font-size:12px;white-space:nowrap;color:inherit;}Friendly offer.css-fcluzg{z-index:1500;pointer-events:none;font-weight:600;font-size:10px;line-height:14px;letter-spacing:0.1px;font-family:Open Sans;}.css-fcluzg[data-popper-placement*=-bottom-] .MuiTooltip-arrow{top:0;margin-top:-0.71em;}.css-fcluzg[data-popper-placement*=-bottom-] .MuiTooltip-arrow::before{transform-origin:0 100%;}.css-fcluzg[data-popper-placement*=-top-] .MuiTooltip-arrow{bottom:0;margin-bottom:-0.71em;}.css-fcluzg[data-popper-placement*=-top-] .MuiTooltip-arrow::before{transform-origin:100% 0;}.css-fcluzg[data-popper-placement*=-right-] .MuiTooltip-arrow{left:0;margin-left:-0.71em;height:1em;width:0.71em;}.css-fcluzg[data-popper-placement*=-right-] .MuiTooltip-arrow::before{transform-origin:100% 100%;}.css-fcluzg[data-popper-placement*=-left-] .MuiTooltip-arrow{right:0;margin-right:-0.71em;height:1em;width:0.71em;}.css-fcluzg[data-popper-placement*=-left-] .MuiTooltip-arrow::before{transform-origin:0 0;}.css-fcluzg .MuiTooltip-tooltip{min-height:22px;max-width:300px;color:#FFFFFF;font-weight:600;font-size:10px;line-height:14px;letter-spacing:0.1px;font-family:Open Sans;}.css-1numaeh{z-index:1500;pointer-events:none;font-weight:600;font-size:10px;line-height:14px;letter-spacing:0.1px;font-family:Open Sans;}.css-1numaeh[data-popper-placement*=-bottom-] .MuiTooltip-arrow{top:0;margin-top:-0.71em;}.css-1numaeh[data-popper-placement*=-bottom-] .MuiTooltip-arrow::before{transform-origin:0 100%;}.css-1numaeh[data-popper-placement*=-top-] .MuiTooltip-arrow{bottom:0;margin-bottom:-0.71em;}.css-1numaeh[data-popper-placement*=-top-] .MuiTooltip-arrow::before{transform-origin:100% 0;}.css-1numaeh[data-popper-placement*=-right-] .MuiTooltip-arrow{left:0;margin-left:-0.71em;height:1em;width:0.71em;}.css-1numaeh[data-popper-placement*=-right-] .MuiTooltip-arrow::before{transform-origin:100% 100%;}.css-1numaeh[data-popper-placement*=-left-] .MuiTooltip-arrow{right:0;margin-right:-0.71em;height:1em;width:0.71em;}.css-1numaeh[data-popper-placement*=-left-] .MuiTooltip-arrow::before{transform-origin:0 0;}.css-1numaeh .MuiTooltip-tooltip{min-height:22px;max-width:300px;color:#FFFFFF;font-weight:600;font-size:10px;line-height:14px;letter-spacing:0.1px;font-family:Open Sans;}.css-6sm4q6 h2{margin:0;font-family:Open Sans;font-weight:600;font-size:20px;line-height:32px;letter-spacing:0.15px;-webkit-text-decoration:none;text-decoration:none;font-style:normal;}.css-6sm4q6 h3{margin:0;font-family:Open Sans;font-weight:600;font-size:16px;line-height:28px;letter-spacing:0.15px;-webkit-text-decoration:none;text-decoration:none;font-style:normal;}.css-6sm4q6 p{margin:0;font-family:Open Sans;font-weight:400;font-size:14px;line-height:20px;letter-spacing:0.15px;-webkit-text-decoration:none;text-decoration:none;font-style:normal;}.css-6sm4q6 ul,.css-6sm4q6 ol{margin:0;font-family:Open Sans;font-weight:400;font-size:14px;line-height:20px;letter-spacing:0.15px;-webkit-text-decoration:none;text-decoration:none;font-style:normal;}.css-6sm4q6 ul .ql-indent-1,.css-6sm4q6 ol .ql-indent-1{margin-left:40px;}.css-6sm4q6 ul .ql-indent-2,.css-6sm4q6 ol .ql-indent-2{margin-left:80px;}.css-6sm4q6 ul .ql-indent-3,.css-6sm4q6 ol .ql-indent-3{margin-left:120px;}.css-6sm4q6 ul .ql-indent-4,.css-6sm4q6 ol .ql-indent-4{margin-left:160px;}.css-6sm4q6 ul .ql-indent-5,.css-6sm4q6 ol .ql-indent-5{margin-left:200px;}.css-6sm4q6 ul .ql-indent-6,.css-6sm4q6 ol .ql-indent-6{margin-left:240px;}.css-6sm4q6 ul .ql-indent-7,.css-6sm4q6 ol .ql-indent-7{margin-left:280px;}.css-6sm4q6 ul .ql-indent-8,.css-6sm4q6 ol .ql-indent-8{margin-left:320px;}.css-6sm4q6 a{color:#4299E1;-webkit-text-decoration:none;text-decoration:none;}.css-6sm4q6 a:hover{-webkit-text-decoration:underline;text-decoration:underline;}.css-6sm4q6 figure{margin:0;margin-bottom:16px;}.css-6sm4q6 img{max-width:100%;object-fit:contain;height:auto;}Job title: Experienced Machine Learning Engineer100% Remote, Hybrid, On siteGoal of the Position:- Improve business decisions by extending the usage of Machine Learning/Artificial IntelligenceDaily tasks of the position: Understanding business requirements by creating and analysing dashboards Developing coded solutions to solve business problems effectively and holistically Maintaining and improving running solutions in the Google Cloud Platform Projects of the position: Improve Dynamic Pricing Improve Demand Forecasting Develop Size Recommendation Candidate ProfileProfessional requirements for the candidate: A degree in Computer Science, Physics, Data Science, Statistics, Business Informatics, or similar fields Existing experience in Machine Learning, especially with quantitative data, for example, in the finance sector Existing experience in Machine Learning, especially in working with text-based and visual data Solid knowledge of the programming languages Python, SQL, and PySpark are beneficial Practical experience working in Google Cloud or comparable cloud services Personal requirement for the candidate: A passionate and focused work ethic in combination with practical approach The ability to deeply analyze complex problem situations and data structures to derive goal-oriented solutions A high degree of independence and the motivation to work in a dynamic environment Benefits: Access to private healthcare, ensuring the well-being of you and your loved ones. Dane osobowe będą przetwarzane do czasu zakończenia postępowania rekrutacyjnego i przez okres możliwości dochodzenia ewentualnych roszczeń, a w przypadku wyrażenia zgody na udział w przyszłych postępowaniach rekrutacyjnych - do czasu wycofania tej zgody.');
INSERT INTO "Oferta" VALUES(2,2,2,1,1,1,'https://justjoin.it/offers/datumo-senior-data-engineer-krakow','6,7,8,9,10,5,11,12,13,14','Senior',20000,30000,'The primary task involves implementing and extending complex ETL processes that enrich investment data, using Spark jobs in Scala. The primary task involves implementing and extending complex ETL processes that enrich investment data, using Spark jobs in Scala.');
INSERT INTO "Oferta" VALUES(3,3,3,1,1,1,'https://justjoin.it/offers/pragmile-data-engineer-krakow-385693','15','Senior',23520,26880,'Odmowa podania danych obowiązkowych może skutkować brakiem możliwości przeprowadzenia procesu rekrutacji. Dane osobowe będą przetwarzane do czasu zakończenia postępowania rekrutacyjnego i przez okres możliwości dochodzenia ewentualnych roszczeń, a w przypadku wyrażenia zgody na udział w przyszłych postępowaniach rekrutacyjnych - do czasu wycofania tej zgody.');
INSERT INTO "Oferta" VALUES(4,4,4,1,1,1,'https://justjoin.it/offers/itds-machine-learning-engineer-krakow-data','5,1,16,17,18','Senior',18000,26000,'Internal users from the Regulatory Compliance function rely on this team for surveillance techniques, alert monitoring, and subsequent investigations into suspicious activity. Dane osobowe będą przetwarzane do czasu zakończenia postępowania rekrutacyjnego i przez okres możliwości dochodzenia ewentualnych roszczeń, a w przypadku wyrażenia zgody na udział w przyszłych postępowaniach rekrutacyjnych - do czasu wycofania tej zgody.');
INSERT INTO "Oferta" VALUES(5,3,5,1,1,1,'https://justjoin.it/offers/remitly-data-engineer','19,15,20,5,11,7,12,21,22,23','Mid',20500,23000,'Since 2011, we have been tirelessly delivering on our promises to people who send money around the world. Since 2011, we have been tirelessly delivering on our promises to people who send money around the world.');
INSERT INTO "Oferta" VALUES(6,5,6,1,1,1,'https://justjoin.it/offers/infinitedata-dwh-analyst-krakow','24,25,4,26,10,5','Mid',12000,16000,'Here we go!🥇we are happy to share our know-how and provide certification🌏grounded relationship with the client and good working atmosphere📈real career development opportunities💻100% remote work or hybrid model (you decide)🩺medical care (PZU Zdrowie)⚽sport card (Multisport)📝training and certification budget🤝employee referral program🗣️architect’s care🏙️comfortable and quiet office in the city center (Rondo Daszyńskiego) Curious about what the hiring process looks like?▶️Once we receive your CV, you will be contacted by our HR department.▶️After a short conversation about your experience and expectations, the HR department will direct you to a technical meeting with one of our Managers or Architects. Here we go!\u003c/strong\u003e\u003c/p\u003e\u003cp\u003e🥇we are happy to share our know-how and provide certification\u003c/p\u003e\u003cp\u003e🌏grounded relationship with the client and good working atmosphere\u003c/p\u003e\u003cp\u003e📈real career development opportunities\u003c/p\u003e\u003cp\u003e💻100% remote work or hybrid model (you decide)\u003c/p\u003e\u003cp\u003e🩺medical care (PZU Zdrowie)\u003c/p\u003e\u003cp\u003e⚽sport card (Multisport)\u003c/p\u003e\u003cp\u003e📝training and certification budget\u003c/p\u003e\u003cp\u003e🤝employee referral program\u003c/p\u003e\u003cp\u003e🗣️architect’s care\u003c/p\u003e\u003cp\u003e🏙️comfortable and quiet office in the city center (Rondo Daszyńskiego)\u003c/p\u003e\u003cp\u003e \u003c/p\u003e\u003cp\u003e\u003cstrong\u003eCurious about what the hiring process looks like?\u003c/strong\u003e\u003c/p\u003e\u003cp\u003e▶️Once we receive your CV, you will be \u003cstrong\u003econtacted by our HR department\u003c/strong\u003e.\u003c/p\u003e\u003cp\u003e▶️After a short conversation about your experience and expectations, the HR department will direct you to a \u003cstrong\u003etechnical meeting\u003c/strong\u003e with one of our Managers or Architects.');
INSERT INTO "Oferta" VALUES(7,6,7,1,1,1,'https://justjoin.it/offers/prime-force-operations-specialist-architect-krakow-data','27,28,29,30,31,32,33,34,35','Senior',18000,27000,'Odmowa podania danych obowiązkowych może skutkować brakiem możliwości przeprowadzenia procesu rekrutacji. Dane osobowe będą przetwarzane do czasu zakończenia postępowania rekrutacyjnego i przez okres możliwości dochodzenia ewentualnych roszczeń, a w przypadku wyrażenia zgody na udział w przyszłych postępowaniach rekrutacyjnych - do czasu wycofania tej zgody.');
INSERT INTO "Oferta" VALUES(8,2,8,1,1,1,'https://justjoin.it/offers/sunscrapers-senior-data-engineer-krakow-387071','36,37,38,10,4,5,8,39,40,22','Senior',30000,40000,'Working alongside a talented team of software engineers who are changing the image of Poland abroad Culture of teamwork, professional development, and knowledge sharing (https://www.youtube.com/user/sunscraperscom) Flexible working hours and remote work possibility Comfortable office in central Warsaw, equipped with all the necessary tools for conquering the universe (Macbook Pro/Dell, external screen, ergonomic chairs) Sounds like a perfect place for you? Don’t hesitate to click apply and submit your application today!\u003c/p\u003e-,-city-:-Kraków-,-street-:---,-latitude-:50.0646501,-longitude-:19.9449799,-companySize-:-26-50-,-informationClause-:-Informujemy, że administratorem danych jest Sunscrapers Sp.');
INSERT INTO "Oferta" VALUES(9,7,9,1,1,1,'https://justjoin.it/offers/haddad-brands-europe-functional-d365-administrator-partly-in-paris-krakow','41,38,42,43,44,45,46','Senior',22000,25000,'• Excellent communication and interpersonal skills.PROFILE SOUGHTWe are seeking a candidate with at least 3-5 years of experience in similar roles and who has previously worked in an international context.The candidate must have prior experience with technologies such as Dynamics, D365 Financial, etc.Fluent English proficiency is required as you will regularly interact with international teams.The candidate should possess excellent communication skills, curiosity, and agility.Hire process: get to know meeting in Polish followed by a second one, technical oriented within 2 weeks period. • Excellent communication and interpersonal skills.\u003c/p\u003e\u003cp\u003e\u003cbr\u003e\u003c/p\u003e\u003cp\u003ePROFILE SOUGHT\u003c/p\u003e\u003cp\u003eWe are seeking a candidate with at least 3-5 years of experience in similar roles and who has previously worked in an international context.\u003c/p\u003e\u003cp\u003eThe candidate must have prior experience with technologies such as Dynamics, D365 Financial, etc.\u003c/p\u003e\u003cp\u003eFluent English proficiency is required as you will regularly interact with international teams.\u003c/p\u003e\u003cp\u003eThe candidate should possess excellent communication skills, curiosity, and agility.\u003c/p\u003e\u003cp\u003e\u003cbr\u003e\u003c/p\u003e\u003cp\u003e\u003cbr\u003e\u003c/p\u003e\u003cp\u003e\u003cstrong\u003eHire process:\u003c/strong\u003e get to know meeting in Polish followed by a second one, technical oriented within 2 weeks period.');
INSERT INTO "Oferta" VALUES(10,8,10,1,1,1,'https://justjoin.it/offers/altimetrik-poland-senior-data-architect-krakow-378921','47,48,49,38,4,5,11,50','Senior',22000,28000,'Proactively monitor data architecture environments for performance, reliability, and scalability, implementing necessary measures to address issues swiftly. \u003c/li\u003e\n\u003cli class=\-ql-indent-1\-\u003eProactively monitor data architecture environments for performance, reliability, and scalability, implementing necessary measures to address issues swiftly.');
INSERT INTO "Oferta" VALUES(11,9,11,1,1,1,'https://justjoin.it/offers/tesco-technology-software-development-engineer-ii-data-engineering-forecasting','2,9,5,51,52,7','Mid',20000,30000,'Permanent contract from the go – as a sign of our trust in your abilities Private healthcare (LuxMed) Cafeteria &amp; Multisport Supporting those, who are not yet eligible for full holiday entitlement, by expanding their pool from 20 to 25 days');
INSERT INTO "Oferta" VALUES(12,10,11,1,1,1,'https://justjoin.it/offers/tesco-technology-software-development-engineer-0bee35df-4bc7-4c4a-8bee-331cf10b6446','7,9,2,5,51,53,52,8','Senior',26000,40000,'Lead and evangelise the use of Monitoring &amp; Alerting tooling (Splunk) in order to “do production right”. Additional 4 days of paid leave to support your well-being and family life (only for employment contract colleagues)');
INSERT INTO "Oferta" VALUES(13,11,11,1,1,1,'https://justjoin.it/offers/tesco-technology-senior-data-engineer-fulfillment','51,11,9,35,14','Senior',26000,40000,'Security Awareness: Write secure code, utilize security tools, and understand server hardening practices QualificationsMandatory skills: Hadoop hive Any stream processing Scala Spark/PySpark Nice to have skills: Functional programming Kafka and basics of containerization/Kubernetes Additional InformationHybrid workingWe’ve recently moved to hybrid working. Odbiorcą danych jest serwis Just Join IT oraz inne podmioty, którym powierzyliśmy przetwarzanie danych w związku z rekrutacją.-,-futureConsent-:null,-customConsent-:null,-companyLogoUrl-:-https://public.justjoin.it/offers/company_logos/original_x2/a35619fedec745a4deb1c04780a4ebe032d0c6a3.jpg?1712229653-,-remoteInterview-:true,-employmentTypes-:[{-to-:40000,-from-:26000,-type-:-b2b-,-gross-:false,-currency-:-pln-,-fromChf-:6049,-toChf-:9306,-fromEur-:6114,-toEur-:9407,-fromGbp-:5221,-toGbp-:8033,-fromUsd-:6638,-toUsd-:10213,-fromPln-:26000,-toPln-:40000,-label-:-B2B-},{-to-:34000,-from-:25000,-type-:-permanent-,-gross-:true,-currency-:-pln-,-fromChf-:5816,-toChf-:7910,-fromEur-:5879,-toEur-:7995,-fromGbp-:5021,-toGbp-:6828,-fromUsd-:6383,-toUsd-:8681,-fromPln-:25000,-toPln-:34000,-label-:-Permanent-}],-workplaceType-:{-label-:-Hybrid-,-value-:-hybrid-},-requiredSkills-:[{-name-:-Hadoop-,-level-:4},{-name-:-Scala-,-level-:4},{-name-:-Spark-,-level-:3},{-name-:-Kubernetes-,-level-:2},{-name-:-Kafka-,-level-:2}],-niceToHaveSkills-:[],-workingTime-:{-label-:-Full-time-,-value-:-full_time-},-applyUrl-:-https://smrtr.io/jYddc-,-publishedAt-:-2024-05-22T12:00:12.592Z-,-coverImage-:-https://og-image.justjoin.it/ogimage/JustJoinIt/tesco-technology-senior-data-engineer-fulfillment?1716393571-,-brandStorySlug-:-tesco-technology-,-brandStoryCoverPhotoUrl-:-https://public.justjoin.it/brand-story-v1/cover_photo/original/7e379ab4e37f00d44300ae160c339267d18537e1.jpg-,-brandStoryShortDescription-:-At Tesco Technology we are building the next generation online and in-store retail platforms which will set the benchmark for a Technology-led customer-centric retail experience.');
INSERT INTO "Oferta" VALUES(14,12,12,1,1,1,'https://justjoin.it/offers/trans-eu-group-sa-dataops-engineer-krakow-375285','5,54,19,10','Mid',12000,22000,'Zapraszamy Cię na pokład grupy Trans.eu – europejskiego lidera innowacyjnych rozwiązań IT dla biznesuNieustanny rozwój jest wpisany w nasze DNA. CI/CD, konteneryzacja) Znajomość platformy rozproszonego strumieniowania zdarzeń (rabbitmq, kafka) Nice to have: Doświadczenie z Tableau Server Umiejętności devops (terraform) Co będzie należało do Twoich codziennych obowiązków?');
INSERT INTO "Oferta" VALUES(15,3,13,1,1,1,'https://justjoin.it/offers/masterborn-sp-z-o-o-data-engineer-krakow','55,38,4,56,5','Mid',9000,15000,'Required: highly proficient in SQL, 1-2 years of experience with Python, 2-3 years of experience in software implementation or Enterprise Saas solutions, processing and analyzing data sets, MS Suite, database design and data modeling, AzureDevops (or similar), English B2 Offer: B2B, paid days off, 100% remote (or hybrid/onsite - as you prefer), full-time position, long-term contract, Polish working hours');
INSERT INTO "Oferta" VALUES(16,13,14,1,1,1,'https://justjoin.it/offers/plenti-etl-python-backend-developer-krakow','55,57,20,5,19','Senior',35700,39900,'Working on a greenfield project: broad independence, opportunity to propose solutions and choose technologies; Very attractive remuneration matched to experience and skills; 100% remote work or from the office in Tricity; Work in a team of experienced experts with extensive experience; Working in a global, stable company within an international team; Flexible working hours. Dane osobowe będą przetwarzane do czasu zakończenia postępowania rekrutacyjnego i przez okres możliwości dochodzenia ewentualnych roszczeń, a w przypadku wyrażenia zgody na udział w przyszłych postępowaniach rekrutacyjnych - do czasu wycofania tej zgody.');
INSERT INTO "Oferta" VALUES(17,14,8,1,1,1,'https://justjoin.it/offers/sunscrapers-senior-data-engineer-analyst-krakow-data','4,5,58,19,10,59,60','Senior',30000,40000,'Expertise in AWS stack, Docker as well as deployment automation Great analytical skills and attention to detail - asking questions and proactively searching for answers Creative problem-solving skills Great customer service and troubleshooting skills You will score extra points for: Experience with infrastructure-as-code tools, like Terraform Experience with DBT Proficiency in statistics and machine learning, as well as Python libraries like Pandas, NumPy, matplotlib, seaborn, scikit-learn, etc BenefitWhat do we offer? Dane osobowe będą przetwarzane do czasu zakończenia postępowania rekrutacyjnego i przez okres możliwości dochodzenia ewentualnych roszczeń, a w przypadku wyrażenia zgody na udział w przyszłych postępowaniach rekrutacyjnych - do czasu wycofania tej zgody.');
INSERT INTO "Oferta" VALUES(18,15,15,1,1,1,'https://justjoin.it/offers/kitopi-dwh-architect-data-modelling','17,61,62,57,63,64,38,56','Senior',25000,30000,'You should have a piercing eye for important business questions that the data models would be able to answer. You should have a piercing eye for important business questions that the data models would be able to answer.');
INSERT INTO "Oferta" VALUES(19,16,16,1,1,1,'https://justjoin.it/offers/devsdata-llc-tableau-developer-remote-40-h-parttime-8h-week-krakow','65,4','Senior',19581,25847,'Odbiorcą danych jest serwis Just Join IT oraz inne podmioty (w tym klient/klienci DevsData), którym powierzyliśmy przetwarzanie danych w związku z rekrutacją/rekrutacjami.\r\nWe hereby provide you with information the data controller is DevsData LLC, based at 1820 Avenue M # 481, Brooklyn, NY 11230, USA (hereinafter referred to as the \-Controller\-). Personal data will be processed for a period of up to 4 years, or until the consent is withdrawn.');
INSERT INTO "Oferta" VALUES(20,17,17,1,1,1,'https://justjoin.it/offers/agora-sa-cloud-data-developer-krakow','16,22,5,66,14','Mid',12000,16000,'Duży ruch, skala użycia usług, przetwarzanie danych w trybie realtime, czy miliony użytkowników przynoszą technologiczne wyzwania na wielu płaszczyznach: platformy, architektury i kodu. Duży ruch, skala użycia usług, przetwarzanie danych w trybie realtime, czy miliony użytkowników przynoszą technologiczne wyzwania na wielu płaszczyznach: platformy, architektury i kodu.');
INSERT INTO "Oferta" VALUES(21,18,15,1,1,1,'https://justjoin.it/offers/kitopi-senior-data-analyst-krakow','67,68,4,5,69,70,38,56,71','Senior',15000,17500,'What You''ll Do:In brief: Utilize advanced statistical techniques to analyze data and provide recommendations for informed decision-making within the Brand &amp; Growth vertical. Successful candidates will bring technical skills, problem-solving abilities, creativity, and the capacity to work effectively with colleagues from diverse backgrounds.');
INSERT INTO "Oferta" VALUES(22,19,18,1,1,1,'https://justjoin.it/offers/dmtech-polska-senior-data-scientist-z-j-niemieckim-krakow','72,73,16,74,5,7','Senior',15100,29000,'Ponieważ szukamy pracowników, którzy widzą w swojej pracy coś więcej niż czyste przetwarzanie danych i którzy pod koniec dnia wolą powiedzieć -Tak, zrobiłem coś sensownego-.Tech Stack: Środowisko Big Data (w tym Spark, Hive, HBase, Airflow), rozwiązania chmurowe (GCP Stack), strumieniowanie zdarzeń (Kafka, Flink) i systemy bazodanowe (Snowflake, NoSQL), czysty kod, automatyzacja testów, zarządzanie kodem źródłowym, CI/CD, Python, Java/KotlinMiejsce pracy: Wrocław lub 100% praca zdalnaForma zatrudnienia: B2B lub UoPWynagrodzenie:90 – 172 PLN/h netto + VAT na B2B 10 800 – 21 000 PLN brutto na UoP Co Ci oferujemy: Ponieważ szukamy pracowników, którzy widzą w swojej pracy coś więcej niż czyste przetwarzanie danych i którzy pod koniec dnia wolą powiedzieć \-Tak, zrobiłem coś sensownego\-.\u003c/p\u003e\u003cp\u003e\u003cbr\u003e\u003c/p\u003e\u003cp\u003e\u003cbr\u003e\u003c/p\u003e\u003cp\u003e\u003cstrong\u003eTech Stack:\u003c/strong\u003e Środowisko Big Data (w tym Spark, Hive, HBase, Airflow), rozwiązania chmurowe (GCP Stack), strumieniowanie zdarzeń (Kafka, Flink) i systemy bazodanowe (Snowflake, NoSQL), czysty kod, automatyzacja testów, zarządzanie kodem źródłowym, CI/CD, Python, Java/Kotlin\u003c/p\u003e\u003cp\u003e\u003cbr\u003e\u003c/p\u003e\u003cp\u003e\u003cstrong\u003eMiejsce pracy:\u003c/strong\u003e Wrocław lub 100% praca zdalna\u003c/p\u003e\u003cp\u003e\u003cstrong\u003eForma zatrudnienia:\u003c/strong\u003e B2B lub UoP\u003c/p\u003e\u003cp\u003e\u003cstrong\u003eWynagrodzenie:\u003c/strong\u003e\u003c/p\u003e\u003cp\u003e90 – 172 PLN/h netto + VAT na B2B \u003c/p\u003e\u003cp\u003e10 800 – 21 000 PLN brutto na UoP \u003c/p\u003e\u003cp\u003e\u003cbr\u003e\u003c/p\u003e\u003cp\u003e\u003cstrong\u003eCo Ci oferujemy:\u003c/strong\u003e\u003c/p\u003e\u003cul\u003e\n\u003cli\u003e\n\u003cstrong\u003eUmowę B2B lub UoP\u003c/strong\u003e - swobodny wybór preferowanej przez Ciebie formy zatrudnienia\u003c/li\u003e\n\u003cli\u003e\n\u003cstrong\u003eRozwój\u003c/strong\u003e oparty o możliwość korzystania z kursów, szkoleń, certyfikacji i konferencji.');
INSERT INTO "Oferta" VALUES(23,20,18,1,1,1,'https://justjoin.it/offers/dmtech-polska-senior-data-engineer-z-j-niemieckim-krakow-data','72,73,16,74,5,7','Senior',15100,29000,'Ponieważ szukamy pracowników, którzy widzą w swojej pracy coś więcej niż czyste przetwarzanie danych i którzy pod koniec dnia wolą powiedzieć -Tak, zrobiłem coś sensownego-.Tech Stack: Środowisko Big Data (w tym Spark, Hive, HBase, Airflow), rozwiązania chmurowe (GCP Stack), strumieniowanie zdarzeń (Kafka, Flink) i systemy bazodanowe (Snowflake, NoSQL), czysty kod, automatyzacja testów, zarządzanie kodem źródłowym, CI/CD, Python, Java/KotlinMiejsce pracy: Wrocław lub 100% praca zdalnaForma zatrudnienia: B2B lub UoPWynagrodzenie:90 – 172 PLN/h netto + VAT na B2B 10 800 – 21 000 PLN brutto na UoP Co Ci oferujemy: Ponieważ szukamy pracowników, którzy widzą w swojej pracy coś więcej niż czyste przetwarzanie danych i którzy pod koniec dnia wolą powiedzieć \-Tak, zrobiłem coś sensownego\-.\u003c/p\u003e\u003cp\u003e\u003cbr\u003e\u003c/p\u003e\u003cp\u003e\u003cbr\u003e\u003c/p\u003e\u003cp\u003e\u003cstrong\u003eTech Stack:\u003c/strong\u003e Środowisko Big Data (w tym Spark, Hive, HBase, Airflow), rozwiązania chmurowe (GCP Stack), strumieniowanie zdarzeń (Kafka, Flink) i systemy bazodanowe (Snowflake, NoSQL), czysty kod, automatyzacja testów, zarządzanie kodem źródłowym, CI/CD, Python, Java/Kotlin\u003c/p\u003e\u003cp\u003e\u003cbr\u003e\u003c/p\u003e\u003cp\u003e\u003cstrong\u003eMiejsce pracy:\u003c/strong\u003e Wrocław lub 100% praca zdalna\u003c/p\u003e\u003cp\u003e\u003cstrong\u003eForma zatrudnienia:\u003c/strong\u003e B2B lub UoP\u003c/p\u003e\u003cp\u003e\u003cstrong\u003eWynagrodzenie:\u003c/strong\u003e\u003c/p\u003e\u003cp\u003e90 – 172 PLN/h netto + VAT na B2B \u003c/p\u003e\u003cp\u003e10 800 – 21 000 PLN brutto na UoP \u003c/p\u003e\u003cp\u003e\u003cbr\u003e\u003c/p\u003e\u003cp\u003e\u003cstrong\u003eCo Ci oferujemy:\u003c/strong\u003e\u003c/p\u003e\u003cul\u003e\n\u003cli\u003e\n\u003cstrong\u003eUmowę B2B lub UoP\u003c/strong\u003e - swobodny wybór preferowanej przez Ciebie formy zatrudnienia\u003c/li\u003e\n\u003cli\u003e\n\u003cstrong\u003eRozwój\u003c/strong\u003e oparty o możliwość korzystania z kursów, szkoleń, certyfikacji i konferencji.');
INSERT INTO "Oferta" VALUES(24,21,19,1,1,1,'https://justjoin.it/offers/sigmoidal-machine-learning-engineer-nlp--krakow-data','1,75,76,5,77,17','Senior',27413,37204,'Take part in the fine-tuning and pre-training of language models like GPT or BERT, specifically tailored to address various NLP tasks. You will explore new possibilities and push the boundaries of what is achievable in language understanding and generation.\u003c/li\u003e\n\u003c/ul\u003e\u003cp\u003e \u003c/p\u003e\u003cp\u003e\u003cstrong\u003eWhat is our tech stack?\u003c/strong\u003e\u003c/p\u003e\u003cul\u003e\n\u003cli\u003e(programming language) \u003cstrong\u003ePython\u003c/strong\u003e\n\u003c/li\u003e\n\u003cli\u003e(main libraries) \u003cstrong\u003eOpenAI, HuggingFace, SpaCy scikit-learn, pandas, numpy, PyTorch\u003c/strong\u003e\n\u003c/li\u003e\n\u003cli\u003e(tools \u0026amp; integration software) \u003cstrong\u003eSnowflake, Docker\u003c/strong\u003e\n\u003c/li\u003e\n\u003cli\u003e(programming environment) \u003cstrong\u003eVisual Studio Code, PyCharm\u003c/strong\u003e\n\u003c/li\u003e\n\u003cli\u003e(cloud services)\u003cstrong\u003e Github Copilot, GitHub Codespaces\u003c/strong\u003e\n\u003c/li\u003e\n\u003c/ul\u003e\u003cp\u003e \u003c/p\u003e\u003cp\u003e\u003cstrong\u003eRemember to take it with you:\u003c/strong\u003e\u003c/p\u003e\u003cul\u003e\n\u003cli\u003eEnglish proficiency, preferably at a C1 level\u003c/li\u003e\n\u003cli\u003eAt least\u003cstrong\u003e 5+ years\u003c/strong\u003e of experience in machine learning\u003c/li\u003e\n\u003cli\u003eA passion for pursuing solid best practices in Data Science\u003c/li\u003e\n\u003c/ul\u003e\u003cp\u003e \u003c/p\u003e\u003cp\u003eJoin our unstoppable team, and together, we''ll create data-driven magic that will change the world!');
INSERT INTO "Oferta" VALUES(25,22,11,1,1,1,'https://justjoin.it/offers/tesco-technology-data-engineer-fulfillment-krakow','11,51,9,14','Mid',20000,30000,'Identify design and implement internal process improvements: automating manual processes optimising data delivery re-designing infrastructure for greater scalability etc. If you choose to join our business, we will provide you with:\u003c/p\u003e\u003cul\u003e\n\u003cli\u003e\n\u003cstrong\u003ePermanent contract\u003c/strong\u003e from the go – as a sign of our trust in your abilities\u003c/li\u003e\n\u003cli\u003eUp to \u003cstrong\u003e20% yearly salary bonus\u003c/strong\u003e – for employment contract colleagues only – based on both individual and business performance\u003c/li\u003e\n\u003cli\u003e\u003cstrong\u003eHeightened income costs (KUP)\u003c/strong\u003e\u003c/li\u003e\n\u003cli\u003e\n\u003cstrong\u003eMacBook\u003c/strong\u003e as your tool for work\u003c/li\u003e\n\u003cli\u003e\n\u003cstrong\u003ePrivate healthcare\u003c/strong\u003e (LuxMed)\u003c/li\u003e\n\u003cli\u003e\u003cstrong\u003eCafeteria \u0026amp; Multisport\u003c/strong\u003e\u003c/li\u003e\n\u003cli\u003e\n\u003cstrong\u003eSports activities \u003c/strong\u003ewith a personal trainer\u003c/li\u003e\n\u003cli\u003e\n\u003cstrong\u003eLearning opportunities\u003c/strong\u003e - certified technical training and learning platforms like Udemy, Pluralsight and O’reily.\u003c/li\u003e\n\u003cli\u003e\u003cstrong\u003eReferral Bonus\u003c/strong\u003e\u003c/li\u003e\n\u003cli\u003e\u003cstrong\u003eRelocation Help\u003c/strong\u003e\u003c/li\u003e\n\u003c/ul\u003e\u003cp\u003e\u003cbr\u003e\u003c/p\u003e\u003cp\u003e\u003cbr\u003e\u003c/p\u003e\u003cp\u003eIf that sounds exciting, then we''d love to hear from you.\u003c/p\u003e\u003cp\u003e\u003cbr\u003e\u003c/p\u003e\u003cp\u003e\u003cem\u003eTesco is committed to celebrating diversity and everyone is welcome at Tesco.');
INSERT INTO "Oferta" VALUES(26,2,20,1,1,1,'https://justjoin.it/offers/lite-e-commerce-senior-data-engineer-krakow-387167','78,14,4,5,12,60','Senior',22000,28000,'Jush, an app which allows you to order your favourite products and have them delivered in as little as 15 minutes from placing your order, and delio, available as an app and also in a browser version, an online supermarket with everything you need for yourself and your home.At Lite e-Commerce, we create cutting-edge technologies that will make your life easier.We are currently looking for a Senior Data Engineer, who will become Lite’s hero or heroine in the mission of technological development of the world! \u003ca href=\-https://jush.pl/\- target=\-_blank\- rel=\-nofollow noreferrer noopener\-\u003eJush\u003c/a\u003e, an app which allows you to order your favourite products and have them delivered in as little as 15 minutes from placing your order, and \u003ca href=\-http://delio.com.pl/\- target=\-_blank\- rel=\-nofollow noreferrer noopener\-\u003edelio\u003c/a\u003e, available as an app and also in a browser version, an online supermarket with everything you need for yourself and your home.\u003c/p\u003e\u003cp\u003e\u003cbr\u003e\u003c/p\u003e\u003cp\u003eAt \u003ca href=\-https://linktr.ee/lite_ecommerce\- target=\-_blank\- rel=\-nofollow noreferrer noopener\-\u003eLite e-Commerce\u003c/a\u003e, we create cutting-edge technologies that will make your life easier.\u003c/p\u003e\u003cp\u003e\u003cbr\u003e\u003c/p\u003e\u003cp\u003eWe are currently looking for a Senior Data Engineer, who will become Lite’s hero or heroine in the mission of technological development of the world!');
INSERT INTO "Oferta" VALUES(27,3,8,1,1,1,'https://justjoin.it/offers/sunscrapers-data-engineer-krakow-385181','55,79,4,5,59,12,34,60,10','Mid',20000,24000,'Client success is measured when they can empower all of healthcare to focus more on improving people''s health. Client success is measured when they can empower all of healthcare to focus more on improving people''s health.');
INSERT INTO "Oferta" VALUES(28,23,21,1,1,1,'https://justjoin.it/offers/emagine-polska-data-warehouse-developer-krakow','57,44,4,80,81,82,83,84','Senior',22400,27200,'Atrakcyjne wynagrodzenie w modelu B2B uzależnione od posiadanych kompetencji i doświadczenia; Dofinansowanie prywatnej opieki medycznej (Medicover) oraz karty Multisport; Dane osobowe będą przetwarzane do czasu zakończenia postępowania rekrutacyjnego i przez okres możliwości dochodzenia ewentualnych roszczeń, a w przypadku wyrażenia zgody na udział w przyszłych postępowaniach rekrutacyjnych - do czasu wycofania tej zgody.');
INSERT INTO "Oferta" VALUES(29,3,2,1,1,1,'https://justjoin.it/offers/datumo-big-data-engineer-krakow','85,6,5,11,7,8,12,10,13,14','Mid',15000,20000,'The primary task involves implementing and extending complex ETL processes that enrich investment data, using Spark jobs in Scala. The primary task involves implementing and extending complex ETL processes that enrich investment data, using Spark jobs in Scala.');
INSERT INTO "Oferta" VALUES(30,24,9,1,1,1,'https://justjoin.it/offers/haddad-brands-europe-power-bi-developer-partly-in-paris-krakow','41,38,86,44,42,43,45,46','Senior',20000,27000,'This includes adding charts, maps, pivot tables, filters, KPI visualizations, etc.• Designs visual reports based on the needs of HBE or end users. This includes adding charts, maps, pivot tables, filters, KPI visualizations, etc.\u003c/p\u003e\u003cp\u003e• Designs visual reports based on the needs of HBE or end users.');
INSERT INTO "Oferta" VALUES(31,25,22,1,1,1,'https://justjoin.it/offers/getindata-part-of-xebia-senior-data-engineer-flink-krakow-387348','87,88,8,89,6,85','Senior',26880,33600,'We build a community around Data \u0026amp; AI, thanks to our conference \u003ca href=\-https://bigdatatechwarsaw.eu/\- target=\-_blank\- rel=\-nofollow noreferrer noopener\-\u003eBig Data Technology Warsaw Summit\u003c/a\u003e, \u003ca href=\-https://www.meetup.com/warsaw-data-tech-talks/\- target=\-_blank\- rel=\-nofollow noreferrer noopener\-\u003emeetup Warsaw Data Tech Talks\u003c/a\u003e, \u003ca href=\-https://open.spotify.com/show/4BZj15LtVmk1e8mcCgh9KH?flow_ctx=524324cd-8021-47c3-ba57-f78098095caa%3A1705423793\- target=\-_blank\- rel=\-nofollow noreferrer noopener\-\u003eRadio Data podcast\u003c/a\u003e, and \u003ca href=\-https://datapill.tech/\- target=\-_blank\- rel=\-nofollow noreferrer noopener\-\u003eDATA Pill newsletter\u003c/a\u003e.\u003c/p\u003e\u003cp\u003e\u003cbr\u003e\u003c/p\u003e\u003cp\u003eData \u0026amp; AI projects that we run and the company''s philosophy of sharing knowledge and ideas in this field make GetInData | Part of Xebia not only a great place to work but also a place that provides you with a real opportunity to boost your career.\u003c/p\u003e\u003cp\u003eIf you want to be up to date with the latest news from us, please follow up on our \u003ca href=\-https://www.linkedin.com/company/getindata/\- target=\-_blank\- rel=\-nofollow noreferrer noopener\-\u003eLinkedIn profile\u003c/a\u003e.\u003c/p\u003e\u003cp\u003e\u003cbr\u003e\u003c/p\u003e\u003cp\u003e\u003cstrong\u003eAbout role \u003c/strong\u003e💻\u003c/p\u003e\u003cp\u003eAs a Data Streaming Engineer''s role, you will hold a vital position in the provision, development, implementation, enhancement, and upkeep of the Data platform. Dane osobowe będą przetwarzane do czasu zakończenia postępowania rekrutacyjnego i przez okres możliwości dochodzenia ewentualnych roszczeń, a w przypadku wyrażenia zgody na udział w przyszłych postępowaniach rekrutacyjnych - do czasu wycofania tej zgody.');
INSERT INTO "Oferta" VALUES(32,26,23,1,1,1,'https://justjoin.it/offers/bpmriders-power-bi-consultant-krakow','90,86,91,44,92,93','Mid',9000,12000,'tworzenie, utrzymywanie i optymalizacja raportów Power BI w oparciu o wytyczne biznesowe modelowanie danych współpraca z klientem biznesowym suport błędów zgłaszanych przez użytkownika 1 i 2 ustawy o świadczeniu usług drogą elektroniczną.\r\nZgoda na przetwarzanie danych osobowych może zostać wycofana w dowolnym momencie.');
INSERT INTO "Oferta" VALUES(33,27,24,1,1,1,'https://justjoin.it/offers/in4ge-sp-z-o-o--specjalista-ds-baz-danych-oracle-oracle-database-specialist--krakow-data','94,95,96','Mid',10000,26800,'Współpraca z zespołem deweloperskim i administracyjnym w celu zapewnienia efektywnego wykorzystania bazy danych. Dane osobowe będą przetwarzane do czasu zakończenia postępowania rekrutacyjnego i przez okres możliwości dochodzenia ewentualnych roszczeń, a w przypadku wyrażenia zgody na udział w przyszłych postępowaniach rekrutacyjnych - do czasu wycofania tej zgody.');
INSERT INTO "Oferta" VALUES(34,28,6,1,1,1,'https://justjoin.it/offers/infinitedata-azure-platform-manager-krakow-data','97,98,99,100,86,25,10,4,48,101','Senior',20000,32000,'Here we go!🥇we are happy to share our know-how and provide certification🌏grounded relationship with the client and good working atmosphere📈real career development opportunities💻100% remote work or hybrid model (you decide)🩺medical care⚽sport card (Multisport)📝training and certification budget🤝employee referral program🗣️architect’s care🏙️comfortable and quiet office in the city center (Rondo Daszyńskiego) Curious about what the hiring process looks like?▶️Once we receive your CV, you will be contacted by our HR department.▶️After a short conversation about your experience and expectations, the HR department will direct you to a technical meeting with one of our Managers or Architects. Na podstawie przepisów ustawy z dnia 29.08.1997 roku o ochronie danych osobowych; (Dz.U 2016 r. poz.');
INSERT INTO "Oferta" VALUES(35,2,25,1,1,1,'https://justjoin.it/offers/n-ix-senior-data-engineer-krakow','57,6,55,5','Senior',23497,25847,'Are you up for the challenge?Do great green things with OVO EnergySo much has changed since we launched in 2009. Are you up for the challenge?\u003c/p\u003e\u003cp\u003eDo great green things with OVO Energy\u003c/p\u003e\u003cp\u003eSo much has changed since we launched in 2009.');
INSERT INTO "Oferta" VALUES(36,29,16,1,1,1,'https://justjoin.it/offers/devsdata-llc-senior-data-engineer-krakow-377876','4,5,102','Senior',24662,42521,'Odbiorcą danych jest serwis Just Join IT oraz inne podmioty (w tym klient/klienci DevsData), którym powierzyliśmy przetwarzanie danych w związku z rekrutacją/rekrutacjami.\r\nWe hereby provide you with information the data controller is DevsData LLC, based at 1820 Avenue M # 481, Brooklyn, NY 11230, USA (hereinafter referred to as the \-Controller\-). Personal data will be processed for a period of up to 4 years, or until the consent is withdrawn.');
INSERT INTO "Oferta" VALUES(37,2,5,1,1,1,'https://justjoin.it/offers/remitly-senior-data-engineer-krakow-data','15,5,19,20,11,7,12,21,22,23','Senior',22000,26000,'Since 2011, we have been tirelessly delivering on our promises to people who send money around the world. Since 2011, we have been tirelessly delivering on our promises to people who send money around the world.');
INSERT INTO "Oferta" VALUES(38,30,26,1,1,1,'https://justjoin.it/offers/sporty-group-senior-dba-krakow-387012','103,28,104,105,106,5','Senior',14882,25512,'Server Operating System: CentOS Programming: Python, Shell script Responsibilities: Database / table schemas deployment; Accounts, privileges management Monitor and maintain the existing database infrastructure via autoscaling, automated alerts and CloudWatch dashboards Take ownership and responsibility for our existing and new database infrastructure Liaise with external security agencies for annual audits as well as perform our own internal security sweeps Aid in reconfiguring existing architecture and database structure to allow for rapid deployment to new countries Requirements: Openminded and willing to take on new challenges, with the ability to collaborate in a distributed team environment 3+ years of specific experience with MySQL administration for large-scale systems 3+ years of experience with MongoDB shard cluster management Hands on experience on PaaS, such as AWS RDS, GCP SQL, Atlas Benefits: Quarterly and flash bonuses We have core hours of 10am-3pm in a local timezone, but flexible hours outside of this Education allowance Referral bonuses 28 days paid annual leave 2 x annual company retreats (Lisbon + Dubai in 2022 / Phuket in Q2 2023 + 1 more TBC!) With a key challenge being the stability of our database clusters under the heavy load of millions of users.\u003c/p\u003e\u003cp\u003e\u003cbr\u003e\u003c/p\u003e\u003cp\u003eWith plans for rapid growth, our DBAs are vital for cross-functional collaboration, and implementing the latest technologies to ensure a world-class user experience.\u003c/p\u003e\u003cp\u003e\u003cbr\u003e\u003c/p\u003e\u003cp\u003e\u003cbr\u003e\u003c/p\u003e\u003cp\u003e\u003cstrong\u003eOur Stack:\u003c/strong\u003e\u003c/p\u003e\u003cul\u003e\n\u003cli\u003eDatabase: MySQL, MongoDB\u003c/li\u003e\n\u003cli\u003ePaaS: AWS RDS, Redshift\u003c/li\u003e\n\u003cli\u003eBusiness Monitoring: PMM\u003c/li\u003e\n\u003cli\u003eCloud Services: AWS EC2, Cloudwatch etc.\u003c/li\u003e\n\u003cli\u003eServer Operating System: CentOS\u003c/li\u003e\n\u003cli\u003eProgramming: Python, Shell script\u003c/li\u003e\n\u003c/ul\u003e\u003cp\u003e\u003cbr\u003e\u003c/p\u003e\u003cp\u003e\u003cbr\u003e\u003c/p\u003e\u003cp\u003e\u003cstrong\u003eResponsibilities:\u003c/strong\u003e\u003c/p\u003e\u003cul\u003e\n\u003cli\u003eDatabase / table schemas deployment; Accounts, privileges management\u003c/li\u003e\n\u003cli\u003eMonitor and maintain the existing database infrastructure via autoscaling, automated alerts and CloudWatch dashboards\u003c/li\u003e\n\u003cli\u003eTake ownership and responsibility for our existing and new database infrastructure\u003c/li\u003e\n\u003cli\u003eLiaise with external security agencies for annual audits as well as perform our own internal security sweeps\u003c/li\u003e\n\u003cli\u003eAid in reconfiguring existing architecture and database structure to allow for rapid deployment to new countries\u003c/li\u003e\n\u003c/ul\u003e\u003cp\u003e\u003cbr\u003e\u003c/p\u003e\u003cp\u003e\u003cbr\u003e\u003c/p\u003e\u003cp\u003e\u003cstrong\u003eRequirements:\u003c/strong\u003e\u003c/p\u003e\u003cul\u003e\n\u003cli\u003eOpenminded and willing to take on new challenges, with the ability to collaborate in a distributed team environment\u003c/li\u003e\n\u003cli\u003e3+ years of specific experience with MySQL administration for large-scale systems\u003c/li\u003e\n\u003cli\u003e3+ years of experience with MongoDB shard cluster management\u003c/li\u003e\n\u003cli\u003eHands on experience on PaaS, such as AWS RDS, GCP SQL, Atlas\u003c/li\u003e\n\u003c/ul\u003e\u003cp\u003e\u003cbr\u003e\u003c/p\u003e\u003cp\u003e\u003cbr\u003e\u003c/p\u003e\u003cp\u003e\u003cstrong\u003eBenefits:\u003c/strong\u003e\u003c/p\u003e\u003cul\u003e\n\u003cli\u003eQuarterly and flash bonuses\u003c/li\u003e\n\u003cli\u003eWe have core hours of 10am-3pm in a local timezone, but flexible hours outside of this\u003c/li\u003e\n\u003cli\u003eEducation allowance\u003c/li\u003e\n\u003cli\u003eReferral bonuses\u003c/li\u003e\n\u003cli\u003e28 days paid annual leave\u003c/li\u003e\n\u003cli\u003e2 x annual company retreats (Lisbon + Dubai in 2022 / Phuket in Q2 2023 + 1 more TBC!');
INSERT INTO "Oferta" VALUES(39,3,27,1,1,1,'https://justjoin.it/offers/7n-data-engineer-krakow-data','2,34,13,5','Mid',20160,25200,'Pracując z nami zyskujesz wsparcie profesjonalnych Agentów, którzy dbają o ciągłość Twoich kontraktów, komfortową pracę, rozwój zawodowy i niezapomniane integracje. Zobacz relację z 7N Kick Off 2023: https://www.youtube.com/watch?v=iSFtQO7cOYQ Dofinansowanie opieki zdrowotnej i karty Benefit Multisport oraz ubezpieczenia na życie niezależnie od formy współpracy.');
INSERT INTO "Oferta" VALUES(40,31,4,1,1,1,'https://justjoin.it/offers/itds-dynamics-365-agile-business-analyst-krakow-data','38,107,108,109,64,110,111','Mid',20160,26880,'You''ll play a pivotal role in implementing the Wholesale Servicing strategy globally through Dynamics 365 Cloud. You''ll play a pivotal role in implementing the Wholesale Servicing strategy globally through Dynamics 365 Cloud.');
INSERT INTO "Oferta" VALUES(41,32,28,1,1,1,'https://justjoin.it/offers/omni-calculator-data-analyst-krakow-data','15,112,113,114,4,115,116','Mid',13000,22000,'Our main product, the web application omnicalculator.com, contains over 3,600 custom-built calculators co-created by experts in various fields of science. Our main product, the web application omnicalculator.com, contains over 3,600 custom-built calculators co-created by experts in various fields of science.');
INSERT INTO "Oferta" VALUES(42,4,29,1,1,1,'https://justjoin.it/offers/tooploox-machine-learning-engineer-krakow-387828','1,5,117','Mid',13000,18000,'It would be great if you also have: Fluency in deep learning/machine learning libraries: scikit-learn, keras, pytorch, tensorflow, etc. Feel invited!\u003c/p\u003e\u003cp\u003e\u003cbr\u003e\u003c/p\u003e\u003cp\u003e\u003cstrong\u003eWhat you will do:\u003c/strong\u003e\u003c/p\u003e\u003cul\u003e\n\u003cli\u003eImplement both established and state-of-the-art machine learning methods for content analysis, meta-data extraction, content classification, and others\u003c/li\u003e\n\u003cli\u003eWork on the algorithms from the idea stage all through to the deployment on production\u003c/li\u003e\n\u003cli\u003eInteract directly with various types of clients, from startups to multinational companies such as eBay\u003c/li\u003e\n\u003cli\u003eAssure the integrity of project data (data extraction, storage, management, processing, and analysis)\u003c/li\u003e\n\u003cli\u003eWork with world-class researchers and scientists to develop new machine learning methods and approaches\u003c/li\u003e\n\u003c/ul\u003e\u003cp\u003e\u003cbr\u003e\u003c/p\u003e\u003cp\u003e\u003cstrong\u003eExperience and skills you need to join us:\u003c/strong\u003e\u003c/p\u003e\u003cul\u003e\n\u003cli\u003eTeam-work attitude with great communication skills\u003c/li\u003e\n\u003cli\u003eSoftware development and coding skills: Python, clean code, code reviews, algorithms and data structures\u003c/li\u003e\n\u003cli\u003eExperience with image processing, ML solutions for Computer Vision, classical algorithms for image processing\u003c/li\u003e\n\u003cli\u003eKnowledge of machine learning: basic problems in ML modeling, types of modeling, popular models, ways of evaluating the models etc.\u003c/li\u003e\n\u003cli\u003eData-based problem-solving skills, i.e. ability to propose an appropriate tool from either ML, statistics, or software development toolbox to solve client’s problem.\u003c/li\u003e\n\u003cli\u003eBasics of statistics: p-value, t-test, confidence interval, correlation, independence of random variables\u003c/li\u003e\n\u003cli\u003eFluency in English (you will attend meetings with English speaking clients).\u003c/li\u003e\n\u003c/ul\u003e\u003cp\u003e\u003cbr\u003e\u003c/p\u003e\u003cp\u003e\u003cstrong\u003eIt would be great if you also have:\u003c/strong\u003e\u003c/p\u003e\u003cul\u003e\n\u003cli\u003eFluency in deep learning/machine learning libraries: scikit-learn, keras, pytorch, tensorflow, etc.\u003c/li\u003e\n\u003cli\u003eLeadership/mentoring experience\u003c/li\u003e\n\u003cli\u003ePublication track record in top-tier machine learning/computer vision/natural language processing venues (CVPR, NIPS, ECCV, ICML, ICASSP, ICLR)\u003c/li\u003e\n\u003cli\u003eMSc/PhD in computer science, machine learning, signal processing, or related fields\u003c/li\u003e\n\u003c/ul\u003e\u003cp\u003e\u003cbr\u003e\u003c/p\u003e\u003cp\u003e\u003cbr\u003e\u003c/p\u003e-,-city-:-Kraków-,-street-:---,-latitude-:50.0646501,-longitude-:19.9449799,-companySize-:-101-500-,-informationClause-:-Informujemy, że administratorem danych jest Tooploox sp.');
INSERT INTO "Oferta" VALUES(43,33,30,1,1,1,'https://justjoin.it/offers/virtuslab-software-engineer---data-platforms-principal--krakow-data','118,119,85,120,121,38,35,4','Senior',30000,37000,'Private healthcare - our insurer''s offer allows you to have free health advice, treatments, diagnostic tests, etc., in more than 1,500 clinics operating all over the country. \u003c/strong\u003e\n\u003c/li\u003e\n\u003cli\u003ePrivate healthcare - our insurer''s offer allows you to have free health advice, treatments, diagnostic tests, etc., in more than \u003cstrong\u003e1,500 clinics operating all over the country.\u003c/strong\u003e\n\u003c/li\u003e\n\u003cli\u003eStretching - feeling tense or tired?');
INSERT INTO "Oferta" VALUES(44,34,31,1,1,1,'https://justjoin.it/offers/devopsbay-senior-data-scientist-krakow-data','1,5,122,19,8,10,14,4','Senior',25200,36960,'Experience with large-scale data processing frameworks and databases (e.g., Snowflake, SQL, Vector DBs, Knowledge Graphs) is a plus. Excellent problem-solving skills, with the ability to analyze complex datasets and derive meaningful insights.');
INSERT INTO "Oferta" VALUES(45,35,6,1,1,1,'https://justjoin.it/offers/infinitedata-snowflake-developer-krakow-data','25,4,55,10,5','Mid',15000,25000,'We have one of the three  in Poland Snowflake Data Superhero on board (be sure to visit Michał''s profile, who will enthuse you with his passion). \u003c/strong\u003eWe’re looking for\u003cstrong\u003e \u003c/strong\u003e\u003c/p\u003e\u003cp\u003e\u003cstrong\u003e❄️Snowflake Engineer/Developer❄️\u003c/strong\u003e\u003c/p\u003e\u003cp\u003e\u003cstrong\u003e \u003c/strong\u003e\u003c/p\u003e\u003cp\u003e\-Sounds great, but will I be a good fit?\-\u003c/p\u003e\u003cp\u003e👉Let''s test it out, \u003cstrong\u003ewe''re looking for a person who\u003c/strong\u003e:\u003c/p\u003e\u003cp\u003e ✔️is motivated to continuously search for optimization and automation of our work\u003c/p\u003e\u003cp\u003e✔️want to implement, optimize and develop large data warehouse projects for our global customers\u003c/p\u003e\u003cp\u003e✔️want to participate in the full project life cycle (requirements analysis, design, through construction, testing and implementation, to maintenance and natural development)\u003c/p\u003e\u003cp\u003e✔️have a keen eye for the highest standards of our solutions\u003c/p\u003e\u003cp\u003e✔️familiarity or experience with Snowflake \u003c/p\u003e\u003cp\u003e\u003cbr\u003e\u003c/p\u003e\u003cp\u003e\u003cstrong\u003e👉A quick tech\u0026amp;exp checklist:\u003c/strong\u003e\u003c/p\u003e\u003cp\u003e✔️have experience in Data Warehouse Development\u003c/p\u003e\u003cp\u003e✔️knowledge of Python\u003c/p\u003e\u003cp\u003e✔️experience with Snowflake\u003c/p\u003e\u003cp\u003e✔️knowledge of any ETL tool (preferably Informatica PowerCenter or Talend)\u003c/p\u003e\u003cp\u003e✔️know SQL\u003c/p\u003e\u003cp\u003e✔️Python or any scripting languages\u003c/p\u003e\u003cp\u003e✔️and you speak fluent English\u003c/p\u003e\u003cp\u003e \u003c/p\u003e\u003cp\u003e\u003cstrong\u003e💰Perks?');
INSERT INTO "Oferta" VALUES(46,36,32,1,1,1,'https://justjoin.it/offers/kainos-data-solution-architect-krakow-data','57,19,34,16,13,74,11','Senior',28000,47000,'What we offer (Benefits may vary depending on the type of contract): Company share scheme plan. Dane osobowe będą przetwarzane do czasu zakończenia postępowania rekrutacyjnego i przez okres możliwości dochodzenia ewentualnych roszczeń, a w przypadku wyrażenia zgody na udział w przyszłych postępowaniach rekrutacyjnych - do czasu wycofania tej zgody.');
INSERT INTO "Oferta" VALUES(47,37,33,1,1,1,'https://justjoin.it/offers/britenet-data-engineer-snowflake-krakow','10,65,4,5','Senior',21800,26800,'Język angielski – Tym którzy mówią płynnie i chcą utrzymać ten poziom lub pragną rozwinąć swoje umiejętności językowe, umożliwiamy bezpłatny udział w zajęciach z języka angielskiego. Idealne rozwiązanie dla fanów sportu oraz amatorów aktywnego wypoczynku.\u003c/li\u003e\n\u003cli\u003eJęzyk angielski – Tym którzy mówią płynnie i chcą utrzymać ten poziom lub pragną rozwinąć swoje umiejętności językowe, umożliwiamy bezpłatny udział w zajęciach z języka angielskiego.');
INSERT INTO "Oferta" VALUES(48,38,34,1,1,1,'https://justjoin.it/offers/cshark--net-developer-with-python-skills-krakow-data','123,2,124,5,61','Senior',23500,28500,'You can work with great specialists in their fields who also have a sense of humor and other after-hours hobbies. f) RODO) jakim jest możliwość obrony, ustalenia lub dochodzenia roszczeń a także w celu zapewnienia ciągłości zatrudnienia.\r\n\r\nDane osobowe mogą być ujawnione pracownikom lub współpracownikom administratora danych, dostawcom rozwiązań IT wykorzystywanych podczas rekrutacji, klientom, jak też podmiotom udzielającym administratorowi wsparcia na zasadzie zleconych usług i zgodnie z zawartymi umowami powierzenia przetwarzania danych osobowych.\r\nPani/Pana dane osobowe będą przechowywane na serwerach zlokalizowanych w Europejskim Obszarze Gospodarczym i mogą być przekazane – na podstawie standardowych klauzul umownych lub w oparciu o decyzję stwierdzającą odpowiedni stopień ochrony – do państwa trzeciego w związku z korzystaniem z rozwiązań chmurowych dostarczanych przez firmę Microsoft.\r\nW przypadku, gdy Pana/Pani dane są przetwarzane w procesie rekrutacji dotyczącej zatrudnienia w oparciu o umowę o pracę, Pana/Pani dane osobowe będą przetwarzane przez okres niezbędny do przeprowadzenia rekrutacji, a po tym czasie CSHARK może przetwarzać Pana/Pani dane osobowe na podstawie art.');
INSERT INTO "Oferta" VALUES(49,39,35,1,1,1,'https://justjoin.it/offers/islandsbanki-database-architect-oracle-sql-server-krakow','125,31,126,127,128,129,81','Senior',24000,26000,'Experience with Oracle Data Guard, SQL Server Always On, and other high availability technologies. Icelandic language courses during working hours Physical wellbeing: Multisport card Healthcare plan Life insurance policy Restaurant pre-paid card On-site restaurant and fully equipped kitchen including healthy snacks and breakfasts/coffee/refreshments Work arrangement: A competitive salary 24k-26k net on B2B contract 25 days 100% paid time off (B2B) Premium hardware (PC, screens, headphones) Company phone Flexible work schedule, emphasis on work-life balance (Almost) Remote work model.');
INSERT INTO "Oferta" VALUES(50,40,36,1,1,1,'https://justjoin.it/offers/sigma-it-poland-business-intelligence-engineer-with-azure-and-power-bi-krakow-data','130,86,131,98,64,132,54,93,10,100','Senior',18500,23500,'At least 5 years of professional experience in a similar role; Extensive experience with data modeling techniques such as 3rd normal form, data vault, and dimensional modeling; Deep understanding of how to build efficient models for Power BI; Apply now!\u003c/strong\u003e \u003c/p\u003e\u003cp\u003e \u003c/p\u003e-,-city-:-Kraków-,-street-:-Pawia-,-latitude-:50.0685096,-longitude-:19.9451979,-companySize-:-101-500-,-informationClause-:-Informujemy, że administratorem danych jest Sigma IT Polska z siedzibą we Wrocławiu, ul.');
INSERT INTO "Oferta" VALUES(51,41,16,1,1,1,'https://justjoin.it/offers/devsdata-llc-data-scientist-krakow','4,5,17','Senior',21147,29372,'Conduct benchmarking analysis using open-source datasets and explore new techniques for product improvement, including the development of demos/prototypes as needed. Personal data will be processed for a period of up to 4 years, or until the consent is withdrawn.');
INSERT INTO "Oferta" VALUES(52,34,37,1,1,1,'https://justjoin.it/offers/hubquest-senior-data-scientist-krakow-data','1,133,134,5,135','Senior',28500,37000,'Currently we are looking for a Senior Data Scientist as we are supporting our partner in developing Global Analytics unit which is a global, centralized team with the ambition to strengthen data-driven decision-making and the development of smart data products for day-to-day operations. \u003c/strong\u003e\u003c/p\u003e\u003cp\u003e\u003cbr\u003e\u003c/p\u003e\u003cp\u003e\u003cstrong\u003eCurrently we are looking for a Senior Data Scientist as we are supporting our partner in developing Global Analytics unit which is a global, centralized team with the ambition to strengthen data-driven decision-making and the development of smart data products for day-to-day operations.');
INSERT INTO "Oferta" VALUES(53,42,34,1,1,1,'https://justjoin.it/offers/cshark-power-platform-developer-krakow-data','86,136,137,138,139','Senior',23500,30000,'The Power Platform Developer will be involved in, among other tasks, data integrations with other companies'' systems, focusing on business processes and automation.Position is available for a guaranteed three-month term with potential for extension.IN SHORT🌎 100% REMOTELY or from one of our 2 offices💰 140 - 180 zł/h☑️ B2B contract💻 minimum 3 years of experience in Power PlatformIf you value quality work, attention to detail, and a desire to expand your knowledge, CSHARK is a good choice for you! You can work with great specialists in their fields who also have a sense of humor and other after-hours hobbies.');
INSERT INTO "Oferta" VALUES(54,43,38,1,1,1,'https://justjoin.it/offers/rits-professional-services-specjalista-hurtowni-danych','4,80,90,55,83','Mid',23520,28560,'Odmowa podania danych obowiązkowych może skutkować brakiem możliwości przeprowadzenia procesu rekrutacji. Dane osobowe będą przetwarzane do czasu zakończenia postępowania rekrutacyjnego i przez okres możliwości dochodzenia ewentualnych roszczeń, a w przypadku wyrażenia zgody na udział w przyszłych postępowaniach rekrutacyjnych - do czasu wycofania tej zgody.');
INSERT INTO "Oferta" VALUES(55,44,30,1,1,1,'https://justjoin.it/offers/virtuslab-data-platform-engineer-expert-krakow','119,118,85,38,121,35,4,120','Senior',26000,31000,'Private healthcare - our insurer''s offer allows you to have free health advice, treatments, diagnostic tests, etc., in more than 1,500 clinics operating all over the country. \u003c/strong\u003e\n\u003c/li\u003e\n\u003cli\u003ePrivate healthcare - our insurer''s offer allows you to have free health advice, treatments, diagnostic tests, etc., in more than \u003cstrong\u003e1,500 clinics operating all over the country.\u003c/strong\u003e\n\u003c/li\u003e\n\u003cli\u003eStretching - feeling tense or tired?');
INSERT INTO "Oferta" VALUES(56,2,39,1,1,1,'https://justjoin.it/offers/ework-group-senior-data-engineer-krakow-359548','19,10,5,4,102,47,55,9,12,74','Senior',30615,37418,'Having experience with Snowflake and AWS is highly desirable as we use these technologies extensively in our data infrastructure.You will be working remotely for the German Digital, Data &amp; IT department located in Mainz. Podanie przez Pana/ Panią danych osobowych jest niezbędne do przeprowadzenia procesu rekrutacji, jednakże zgoda może być cofnięta w każdym momencie.');
INSERT INTO "Oferta" VALUES(57,45,40,1,1,1,'https://justjoin.it/offers/onwelo-sp-z-o-o--data-engineer-databricks--krakow-data','13,5,19,4,35,12,2,9','Mid',16800,23100,'Główne obszary działalności Onwelo to: tworzenie oprogramowania, jego rozwój oraz utrzymanie, a także mocne wsparcie kompetencyjne. Projekt realizowany dla dużej międzynarodowej firmy z branży finansowej.Z nami będziesz: Budować i rozwijać Data Lake w chmurze AWS');
INSERT INTO "Oferta" VALUES(58,46,41,1,1,1,'https://justjoin.it/offers/crestt-data-scientist-100-remote-krakow','1,2,17,140','Mid',21000,26880,'As we embark on a major project for our largest client in Germany, we need your expertise to push boundaries and drive innovation in the banking and finance industry.🚀 Budget: 125 – 160 pln net + VAT /h (B2B)🌍 Location: 100% remote💼 Start date: ASAP🔹 Essential Qualifications Tackle additional project-specific tasks, details of which will be discussed during the interview process.');
INSERT INTO "Oferta" VALUES(59,47,42,1,1,1,'https://justjoin.it/offers/craftware-oracle-apex-developer-krakow-data','141,128,4,142,143,54','Senior',21000,26880,'Pracujemy dla największych firm z branży farmaceutycznej, life science, finansowej, ecommerce (głównie międzynarodowych) i należymy do Grupy Orange, co daje nam duże większe możliwości w zakresie kompleksowej obsługi naszych klientów i stabilnego rozwoju.\u003c/p\u003e\u003cp\u003eZnajdujemy się w pierwszej dziesiątce najważniejszych rankingów rynku teleinformatycznego w Polsce, jako liderzy sprzedaży rozwiązań IT dla przemysłu oraz największych przychodów z rozwiązań chmurowych (EST100 ITWiz 2021 i TOP200 Computerworld 2021). Możesz również liczyć na szkolenia wewnętrzne oraz wymianę wiedzy w zespole.\u003c/p\u003e-,-city-:-Kraków-,-street-:---,-latitude-:50.0646501,-longitude-:19.9449799,-companySize-:-101-500-,-informationClause-:-Informujemy, że administratorem danych jest Craftware Sp.');
INSERT INTO "Oferta" VALUES(60,48,25,1,1,1,'https://justjoin.it/offers/n-ix-data-architect-data-unit-krakow','19,31,10,5,144','Senior',35246,39162,'Every day, the company completes 5 million student journeys, moving more passengers than all U.S. airlines combined and delivers reliable, quality services for 1,100 school districts. Every day, the company completes 5 million student journeys, moving more passengers than all U.S. airlines combined and delivers reliable, quality services for 1,100 school districts.');
INSERT INTO "Oferta" VALUES(61,49,27,1,1,1,'https://justjoin.it/offers/7n-program-manager-with-bi-experience--krakow-data','86,145,146,147','Senior',28560,31920,'Pracując z nami zyskujesz wsparcie profesjonalnych Agentów, którzy dbają o ciągłość Twoich kontraktów, komfortową pracę, rozwój zawodowy i niezapomniane integracje. Pracując z nami zyskujesz wsparcie profesjonalnych Agentów, którzy dbają o ciągłość Twoich kontraktów, komfortową pracę, rozwój zawodowy i niezapomniane integracje.');
INSERT INTO "Oferta" VALUES(62,2,43,1,1,1,'https://justjoin.it/offers/rite-nrg-senior-data-engineer-krakow-data','19,148,64,10,4,5','Senior',28000,33600,'Praca w nowym Centrum Technologicznym w Polsce z doskonałą kulturą inżynierską, Masz pełną kontrolę nad swoimi projektami: budujesz, wysyłasz, zarządzasz, Stwarzamy przestrzeń do robienia rzeczy we właściwy sposób, Wykorzystujemy najnowsze technologie i rozwiązania chmurowe (Kotlin, Kubernetes, AWS), Silne praktyki inżynierskie takie jak CI/CD, IaaS, O11y, CyberSec, Uwielbiamy się rozwijać! Mamy program nauki i rozwoju dla inżynierów światowej klasy i jesteśmy pasjonatami rozwoju kariery,\u003c/li\u003e\n\u003cli\u003eDuża, międzynarodowa firma założona przez młodego przedsiębiorcę, która w ciągu 13 lat stała się globalnym liderem w dziedzinie iGaming,\u003c/li\u003e\n\u003cli\u003eUznaniowa premia roczna - w zależności od Twojego zaangażowania,\u003c/li\u003e\n\u003cli\u003eOczywiście standardowy pakiet świadczeń jak wszędzie indziej - prywatna opieka medyczna, ubezpieczenie na życie i Multisport,\u003c/li\u003e\n\u003cli\u003eTy wybierasz, czy będziesz pracować na zasadach B2B czy UoP.\u003c/li\u003e\n\u003c/ul\u003e\u003cp\u003e\u003cbr\u003e\u003c/p\u003e-,-city-:-Kraków-,-street-:-Wadowicka-,-latitude-:50.0328411,-longitude-:19.9385809,-companySize-:-51-100-,-informationClause-:-Informujemy, że administratorem danych jest Rite NRG Sp.');
INSERT INTO "Oferta" VALUES(63,2,44,1,1,1,'https://justjoin.it/offers/opensignal-senior-data-engineer-krakow','9,4,5,7,74,8,11,59','Senior',25000,34000,'Assemble large, complex data sets that meet business requirements, with engineering best practices in mind. Our mission is to advance connectivity for all and here at Opensignal, the team is leading the industry in enabling operators to link their network experience and market performance in a way that has never before been possible.');
INSERT INTO "Oferta" VALUES(64,50,45,1,1,1,'https://justjoin.it/offers/reply-polska-sp-z-o-o-senior-oracle-siebel-developer-krakow','149,150,126,74,4','Senior',22000,28000,'Riverland Reply advises his clients in how to approach the main CX, identity and access management challenges. Riverland Reply advises his clients in how to approach the main CX, identity and access management challenges.');
INSERT INTO "Oferta" VALUES(65,51,46,1,1,1,'https://justjoin.it/offers/justpoint--remote-lead-data-analyst-krakow-data','133,4,5,17','Senior',19581,27413,'Engage in close collaboration with the Marketing, Intake, and Product teams on strategic analytical projects, ensuring data-driven decisions support business objectives. Our tech-powered law firm investigates toxic substances, harmful pharmaceuticals, or unsafe products that unknowingly make us sick.');
INSERT INTO "Oferta" VALUES(66,23,47,1,1,1,'https://justjoin.it/offers/qodeca-data-warehouse-developer-krakow','57,98,151','Mid',19000,23000,'In-depth knowledge of Data Warehouse concepts such as Kimball vs. Inmon methodologies, Datamarts, Enterprise DWH, Star schema, Facts and Dimensions, SCD, etc. Salary: Remuneration ranging from 19000 to 23000 PLN net + VAT, based on a B2B contract, with 26 days of paid time off.');
INSERT INTO "Oferta" VALUES(67,52,48,1,1,1,'https://justjoin.it/offers/in-team-postgresql-administrator-krakow-data','122,38','Senior',23520,26880,'Odmowa podania danych obowiązkowych może skutkować brakiem możliwości przeprowadzenia procesu rekrutacji. Dane osobowe będą przetwarzane do czasu zakończenia postępowania rekrutacyjnego i przez okres możliwości dochodzenia ewentualnych roszczeń, a w przypadku wyrażenia zgody na udział w przyszłych postępowaniach rekrutacyjnych - do czasu wycofania tej zgody.');
INSERT INTO "Oferta" VALUES(68,53,27,1,1,1,'https://justjoin.it/offers/7n-sql-bi-developer-krakow','4,152,38,80,153,90,154,55','Mid',23520,26880,'Pracując z nami zyskujesz wsparcie profesjonalnych Agentów, którzy dbają o ciągłość Twoich kontraktów, komfortową pracę, rozwój zawodowy i niezapomniane integracje. Pracując z nami zyskujesz wsparcie profesjonalnych Agentów, którzy dbają o ciągłość Twoich kontraktów, komfortową pracę, rozwój zawodowy i niezapomniane integracje.');
INSERT INTO "Oferta" VALUES(69,54,49,1,1,1,'https://justjoin.it/offers/volt-senior-php-software-engineer-krakow-362575','155,156,157,4,19,47,158,159','Senior',20500,26000,'Selected candidates will be invited for an initial interview with our People &amp; Culture representative. There is always an opportunity to eat lunch together and grab some drinks after hours,\u003c/li\u003e\n\u003cli\u003eEvery occasion is a good reason for celebration; we organise Christmas parties and company retreats,\u003c/li\u003e\n\u003cli\u003eWe care about our employees’ health, so you will be provided with Multisport card and medical insurance by Luxmed,\u003c/li\u003e\n\u003cli\u003eWe offer paid holidays (pssst...we will give you one day off extra for your birthday),\u003c/li\u003e\n\u003cli\u003eIn addition, once every two months on Friday we close down all comms at Volt - a digital detox.');
INSERT INTO "Oferta" VALUES(70,55,50,1,1,1,'https://justjoin.it/offers/cloudfide-business-intelligence-power-bi-developer-krakow-386118','160,161,91,13,4,5,162,163,98','Senior',11500,25000,'The project offers an opportunity to improve problem-solving skills and gain substantial experience in data modeling.YOUR IMPACT ZONE Translating business requirements into technical solutions. GROWTH: Skyrocket your career by exploring new territories - you can work on various projects related to Big Data and Cloud.');
INSERT INTO "Oferta" VALUES(71,56,51,1,1,1,'https://justjoin.it/offers/blazity-nlp-engineer-krakow','1,75,133,164,165,166,167,168,169,5','Mid',16000,23000,'As it is said, you must gather your party before venturing forth - so why not join us? Familiarity with deep learning architectures for NLP, including recurrent neural networks (RNNs), transformers, and attention mechanisms.');
INSERT INTO "Oferta" VALUES(72,3,44,1,1,1,'https://justjoin.it/offers/opensignal-data-engineer-krakow','9,4,5,7,74,8,11','Mid',20000,28000,'What you will be doing Own and improve our big data pipelines in AWS Spark. Our mission is to advance connectivity for all and here at Opensignal, the team is leading the industry in enabling operators to link their network experience and market performance in a way that has never before been possible.');
INSERT INTO "Oferta" VALUES(73,57,52,1,1,1,'https://justjoin.it/offers/scalac-big-data-engineer-spark-hadoop-krakow','11,85,51','Mid',15000,19000,'Excellent communication skills, so you can communicate well with the technical team and our clients. \u003c/li\u003e\n\u003c/ul\u003e\u003cp\u003e\u003cbr\u003e\u003c/p\u003e\u003cp\u003e\u003cstrong\u003eWhat you can expect from us?\u003c/strong\u003e\u003c/p\u003e\u003cul\u003e\n\u003cli\u003eGreat team of experts and passionate folks!\u003c/li\u003e\n\u003cli\u003eDevelopment \u0026amp; mental health budget - 4000 PLN net/ per year\u003c/li\u003e\n\u003cli\u003e3 additional development days off\u003c/li\u003e\n\u003cli\u003eHoliday bonus (21 days, B2B)\u003c/li\u003e\n\u003cli\u003eNational holiday bonus (depends on location, B2B)\u003c/li\u003e\n\u003cli\u003e1000 PLN net dedicated to language skills development (English)\u003c/li\u003e\n\u003cli\u003eUnlimited book budget \u003c/li\u003e\n\u003cli\u003eYou choose the equipment you want to work on.');
INSERT INTO "Oferta" VALUES(74,58,21,1,1,1,'https://justjoin.it/offers/emagine-polska-data-engineer-with-aws-krakow','15,47,19,5,170,57','Senior',22000,32000,'Act as a trusted advisor, providing technical expertise on projects and collaborating with Agile teams to handle enabler work. Have hands-on experience with AWS services such as Lambda, Glue, IAM, Kinesis, MKS, Step Functions, DMS, RDS, Managed Grafana, SNS, S3, CloudWatch, etc.');
INSERT INTO "Oferta" VALUES(75,3,50,1,1,1,'https://justjoin.it/offers/cloudfide-data-engineer-krakow-365175','171,154,4,5,172,13,173,85','Senior',21800,30240,'One that would like to work with a team of like-minded people.OPPORTUNITY OVERVIEWYou will work on a project involving modern cloud data lake implementation, leveraging Databricks, CICD and cloud services as your daily driver.YOUR IMPACT ZONE Designing, implementing, and optimizing modern cloud-based solutions. GROWTH: Skyrocket your career by exploring new territories - you can work on various projects related to Big Data and Cloud.');
INSERT INTO "Oferta" VALUES(76,59,53,1,1,1,'https://justjoin.it/offers/do-ok-s-a--pl-pgsql-developer-with-python-krakow-data','174,5,175,170,176,32,177,178','Senior',18000,22000,'DevOps (Azure/AWS) Messaging, experience integrating distributed systems Nice to have: community involvement technical knowledge sharing in a blog or similar The list of benefits is long so we will mention only the crucial ones: Sport subscription Private healthcare Training budget Location: Remote/ Wrocław/ Zielona GóraJoin our startup-like environment with minds full of new ideas, an agile approach, and focus on priorities. Dane osobowe będą przetwarzane do czasu zakończenia postępowania rekrutacyjnego i przez okres możliwości dochodzenia ewentualnych roszczeń, a w przypadku wyrażenia zgody na udział w przyszłych postępowaniach rekrutacyjnych - do czasu wycofania tej zgody.');
INSERT INTO "Oferta" VALUES(77,60,54,1,1,1,'https://justjoin.it/offers/blockwise-specjalista-ka-ds-web-scrapingu-krakow-data','179,62,180,4,142,5,181,182,1,75','Mid',16000,22000,'a Rozporządzenia Parlamentu Europejskiego i Rady (UE) 2016/679 z dnia 27 kwietnia 2016 r. w sprawie ochrony osób fizycznych w związku z przetwarzaniem danych osobowych i w sprawie swobodnego przepływu takich danych oraz uchylenia dyrektywy 95/46/WE (ogólne rozporządzenie o ochronie danych)”\u003c/em\u003e\u003c/p\u003e-,-city-:-Kraków-,-street-:---,-latitude-:50.0646501,-longitude-:19.9449799,-companySize-:-11-25-,-informationClause-:-Please be informed that the data controller is BlockWise Sp. Consent to the processing of personal data can be withdrawn at any time.');
INSERT INTO "Oferta" VALUES(78,61,55,1,1,1,'https://justjoin.it/offers/dcv-technologies-senior-data-engineer-big-data-engineer-hybrid-krakow','9,183,51,4','Senior',22280,25400,'Good knowledge of Structured Query Language (SQL) Highly analytical with excellent attention to detail. Dane osobowe będą przetwarzane do czasu zakończenia postępowania rekrutacyjnego i przez okres możliwości dochodzenia ewentualnych roszczeń, a w przypadku wyrażenia zgody na udział w przyszłych postępowaniach rekrutacyjnych - do czasu wycofania tej zgody.');
CREATE TABLE IF NOT EXISTS Stanowisko (
        ID INTEGER PRIMARY KEY,
        Nazwa TEXT
    );
INSERT INTO "Stanowisko" VALUES(1,'Experienced Machine Learning Engineer');
INSERT INTO "Stanowisko" VALUES(2,'Senior Data Engineer');
INSERT INTO "Stanowisko" VALUES(3,'Data Engineer');
INSERT INTO "Stanowisko" VALUES(4,'Machine Learning Engineer');
INSERT INTO "Stanowisko" VALUES(5,'DWH Analyst');
INSERT INTO "Stanowisko" VALUES(6,'Operations Specialist/Architect');
INSERT INTO "Stanowisko" VALUES(7,'Functional D365 Administrator (Partly in Paris)');
INSERT INTO "Stanowisko" VALUES(8,'Senior Data Architect');
INSERT INTO "Stanowisko" VALUES(9,'Software Development Engineer II - Data Engineering (Forecasting)');
INSERT INTO "Stanowisko" VALUES(10,'Data Engineer III Forecast');
INSERT INTO "Stanowisko" VALUES(11,'Senior Data Engineer (Fulfillment)');
INSERT INTO "Stanowisko" VALUES(12,'DataOps Engineer');
INSERT INTO "Stanowisko" VALUES(13,'ETL/Python Backend Developer');
INSERT INTO "Stanowisko" VALUES(14,'Senior Data Engineer/Analyst');
INSERT INTO "Stanowisko" VALUES(15,'DWH Architect (Data Modeling)');
INSERT INTO "Stanowisko" VALUES(16,'Tableau Developer (REMOTE, $40/h, PartTime, 10h/week)');
INSERT INTO "Stanowisko" VALUES(17,'Cloud Data Developer');
INSERT INTO "Stanowisko" VALUES(18,'Senior Data Analyst');
INSERT INTO "Stanowisko" VALUES(19,'Senior Data Scientist z j.niemieckim');
INSERT INTO "Stanowisko" VALUES(20,'Senior Data Engineer z j.niemieckim');
INSERT INTO "Stanowisko" VALUES(21,'Machine Learning Engineer (NLP)');
INSERT INTO "Stanowisko" VALUES(22,'Data Engineer (Fulfillment)');
INSERT INTO "Stanowisko" VALUES(23,'Data Warehouse Developer');
INSERT INTO "Stanowisko" VALUES(24,'Power BI Developer (Partly in Paris)');
INSERT INTO "Stanowisko" VALUES(25,'Senior Data Engineer (Flink)');
INSERT INTO "Stanowisko" VALUES(26,'Power BI Consultant');
INSERT INTO "Stanowisko" VALUES(27,'Specjalista ds. baz danych Oracle (Oracle Database Specialist)');
INSERT INTO "Stanowisko" VALUES(28,'Azure Platform Manager');
INSERT INTO "Stanowisko" VALUES(29,'Startup Sr Data Engineer');
INSERT INTO "Stanowisko" VALUES(30,'Senior DBA');
INSERT INTO "Stanowisko" VALUES(31,'Dynamics 365 Agile Business Analyst');
INSERT INTO "Stanowisko" VALUES(32,'Data Analyst');
INSERT INTO "Stanowisko" VALUES(33,'Software Engineer - Data Platforms (Principal)');
INSERT INTO "Stanowisko" VALUES(34,'Senior Data Scientist');
INSERT INTO "Stanowisko" VALUES(35,'Snowflake Developer');
INSERT INTO "Stanowisko" VALUES(36,'Data Solution Architect');
INSERT INTO "Stanowisko" VALUES(37,'Data Engineer (Snowflake)');
INSERT INTO "Stanowisko" VALUES(38,'Data Engineer with .NET skills');
INSERT INTO "Stanowisko" VALUES(39,'Senior Development DBA (Oracle + SQL Server)');
INSERT INTO "Stanowisko" VALUES(40,'Business Intelligence Engineer with Azure and Power BI');
INSERT INTO "Stanowisko" VALUES(41,'Data Scientist');
INSERT INTO "Stanowisko" VALUES(42,'Power Platform Developer');
INSERT INTO "Stanowisko" VALUES(43,'Specjalista Hurtowni Danych');
INSERT INTO "Stanowisko" VALUES(44,'Software Engineer - Data Platforms (Expert)');
INSERT INTO "Stanowisko" VALUES(45,'Data Engineer (Databricks)');
INSERT INTO "Stanowisko" VALUES(46,'Data Scientist (100% remote)');
INSERT INTO "Stanowisko" VALUES(47,'Oracle APEX Developer');
INSERT INTO "Stanowisko" VALUES(48,'Data Architect (Data Unit)');
INSERT INTO "Stanowisko" VALUES(49,'Program Manager (with BI experience)');
INSERT INTO "Stanowisko" VALUES(50,'Senior Oracle Siebel Developer');
INSERT INTO "Stanowisko" VALUES(51,'[Remote] Lead Data Analyst');
INSERT INTO "Stanowisko" VALUES(52,'PostgreSQL Administrator');
INSERT INTO "Stanowisko" VALUES(53,'SQL BI Developer');
INSERT INTO "Stanowisko" VALUES(54,'Senior PHP Software Engineer');
INSERT INTO "Stanowisko" VALUES(55,'Business Intelligence (Power BI) Developer');
INSERT INTO "Stanowisko" VALUES(56,'NLP Engineer');
INSERT INTO "Stanowisko" VALUES(57,'Big Data Engineer (Spark & Hadoop)');
INSERT INTO "Stanowisko" VALUES(58,'Data Engineer with AWS');
INSERT INTO "Stanowisko" VALUES(59,'PL/pgSQL Developer with Python');
INSERT INTO "Stanowisko" VALUES(60,'Web-scrapper (Mid/Senior)');
INSERT INTO "Stanowisko" VALUES(61,'Senior Data Engineer ||  Big Data Engineer');
CREATE TABLE IF NOT EXISTS Umiejętność (
        ID INTEGER PRIMARY KEY,
        Nazwa TEXT
    );
INSERT INTO "Umiejętność" VALUES(1,'Machine Learning');
INSERT INTO "Umiejętność" VALUES(2,'PySpark');
INSERT INTO "Umiejętność" VALUES(3,'Google Cloud');
INSERT INTO "Umiejętność" VALUES(4,'SQL');
INSERT INTO "Umiejętność" VALUES(5,'Python');
INSERT INTO "Umiejętność" VALUES(6,'Cloud');
INSERT INTO "Umiejętność" VALUES(7,'Big Data');
INSERT INTO "Umiejętność" VALUES(8,'Airflow');
INSERT INTO "Umiejętność" VALUES(9,'Spark');
INSERT INTO "Umiejętność" VALUES(10,'Snowflake');
INSERT INTO "Umiejętność" VALUES(11,'Scala');
INSERT INTO "Umiejętność" VALUES(12,'Docker');
INSERT INTO "Umiejętność" VALUES(13,'Databricks');
INSERT INTO "Umiejętność" VALUES(14,'Kafka');
INSERT INTO "Umiejętność" VALUES(15,'Data');
INSERT INTO "Umiejętność" VALUES(16,'GCP');
INSERT INTO "Umiejętność" VALUES(17,'Data Science');
INSERT INTO "Umiejętność" VALUES(18,'Vertex AI');
INSERT INTO "Umiejętność" VALUES(19,'AWS');
INSERT INTO "Umiejętność" VALUES(20,'RDBMS');
INSERT INTO "Umiejętność" VALUES(21,'Go');
INSERT INTO "Umiejętność" VALUES(22,'BigQuery');
INSERT INTO "Umiejętność" VALUES(23,'Apache Hadoop');
INSERT INTO "Umiejętność" VALUES(24,'visio/erwin');
INSERT INTO "Umiejętność" VALUES(25,'Data Warehouse');
INSERT INTO "Umiejętność" VALUES(26,'PowerBi');
INSERT INTO "Umiejętność" VALUES(27,'Web Applications');
INSERT INTO "Umiejętność" VALUES(28,'MongoDB');
INSERT INTO "Umiejętność" VALUES(29,'Continuous Delivery');
INSERT INTO "Umiejętność" VALUES(30,'Continuous Integration');
INSERT INTO "Umiejętność" VALUES(31,'Databases');
INSERT INTO "Umiejętność" VALUES(32,'Linux');
INSERT INTO "Umiejętność" VALUES(33,'Networking');
INSERT INTO "Umiejętność" VALUES(34,'Azure');
INSERT INTO "Umiejętność" VALUES(35,'Kubernetes');
INSERT INTO "Umiejętność" VALUES(36,'Google Cloud Platform');
INSERT INTO "Umiejętność" VALUES(37,'ETL Pipelines');
INSERT INTO "Umiejętność" VALUES(38,'English');
INSERT INTO "Umiejętność" VALUES(39,'ToughSpot');
INSERT INTO "Umiejętność" VALUES(40,'Affinity CRM');
INSERT INTO "Umiejętność" VALUES(41,'Team Player');
INSERT INTO "Umiejętność" VALUES(42,'Proactivity');
INSERT INTO "Umiejętność" VALUES(43,'Critical thinking');
INSERT INTO "Umiejętność" VALUES(44,'MS SQL');
INSERT INTO "Umiejętność" VALUES(45,'Software Architecture');
INSERT INTO "Umiejętność" VALUES(46,'French');
INSERT INTO "Umiejętność" VALUES(47,'CI/CD');
INSERT INTO "Umiejętność" VALUES(48,'ETL tools');
INSERT INTO "Umiejętność" VALUES(49,'Data Mapping');
INSERT INTO "Umiejętność" VALUES(50,'Data Integration');
INSERT INTO "Umiejętność" VALUES(51,'Hadoop');
INSERT INTO "Umiejętność" VALUES(52,'Hive');
INSERT INTO "Umiejętność" VALUES(53,'Design Patterns');
INSERT INTO "Umiejętność" VALUES(54,'Git');
INSERT INTO "Umiejętność" VALUES(55,'ETL');
INSERT INTO "Umiejętność" VALUES(56,'Polish');
INSERT INTO "Umiejętność" VALUES(57,'Data Warehousing');
INSERT INTO "Umiejętność" VALUES(58,'Analytical Thinking');
INSERT INTO "Umiejętność" VALUES(59,'DBT');
INSERT INTO "Umiejętność" VALUES(60,'Terraform');
INSERT INTO "Umiejętność" VALUES(61,'Data Engineering');
INSERT INTO "Umiejętność" VALUES(62,'Data analysis');
INSERT INTO "Umiejętność" VALUES(63,'Data Pipelines');
INSERT INTO "Umiejętność" VALUES(64,'Data modeling');
INSERT INTO "Umiejętność" VALUES(65,'Tableau');
INSERT INTO "Umiejętność" VALUES(66,'dataform');
INSERT INTO "Umiejętność" VALUES(67,'Analytics');
INSERT INTO "Umiejętność" VALUES(68,'Reporting');
INSERT INTO "Umiejętność" VALUES(69,'FBT');
INSERT INTO "Umiejętność" VALUES(70,'Data Visualization');
INSERT INTO "Umiejętność" VALUES(71,'A/B testing');
INSERT INTO "Umiejętność" VALUES(72,'Niemiecki');
INSERT INTO "Umiejętność" VALUES(73,'Kotlin');
INSERT INTO "Umiejętność" VALUES(74,'Java');
INSERT INTO "Umiejętność" VALUES(75,'NLP');
INSERT INTO "Umiejętność" VALUES(76,'rag');
INSERT INTO "Umiejętność" VALUES(77,'LLM');
INSERT INTO "Umiejętność" VALUES(78,'PubSub');
INSERT INTO "Umiejętność" VALUES(79,'Pandas');
INSERT INTO "Umiejętność" VALUES(80,'SSIS');
INSERT INTO "Umiejętność" VALUES(81,'TSQL');
INSERT INTO "Umiejętność" VALUES(82,'MDS');
INSERT INTO "Umiejętność" VALUES(83,'Powershell');
INSERT INTO "Umiejętność" VALUES(84,'VerticaAnsi.SQL');
INSERT INTO "Umiejętność" VALUES(85,'Apache Spark');
INSERT INTO "Umiejętność" VALUES(86,'Power BI');
INSERT INTO "Umiejętność" VALUES(87,'Apache Flink');
INSERT INTO "Umiejętność" VALUES(88,'Java / Python');
INSERT INTO "Umiejętność" VALUES(89,'Apache Kafka');
INSERT INTO "Umiejętność" VALUES(90,'T-SQL');
INSERT INTO "Umiejętność" VALUES(91,'DAX');
INSERT INTO "Umiejętność" VALUES(92,'Microsoft Azure');
INSERT INTO "Umiejętność" VALUES(93,'MS Azure');
INSERT INTO "Umiejętność" VALUES(94,'Oracle SQL');
INSERT INTO "Umiejętność" VALUES(95,'Enterprise');
INSERT INTO "Umiejętność" VALUES(96,'Oracle DB');
INSERT INTO "Umiejętność" VALUES(97,'Business Skills');
INSERT INTO "Umiejętność" VALUES(98,'Azure Data Factory');
INSERT INTO "Umiejętność" VALUES(99,'Azure Services');
INSERT INTO "Umiejętność" VALUES(100,'Azure DevOps');
INSERT INTO "Umiejętność" VALUES(101,'Business Intelligence');
INSERT INTO "Umiejętność" VALUES(102,'DevOps');
INSERT INTO "Umiejętność" VALUES(103,'MySQL');
INSERT INTO "Umiejętność" VALUES(104,'AWS RDS');
INSERT INTO "Umiejętność" VALUES(105,'Shell Scripting');
INSERT INTO "Umiejętność" VALUES(106,'Amazon AWS');
INSERT INTO "Umiejętność" VALUES(107,'Testing');
INSERT INTO "Umiejętność" VALUES(108,'Microsoft 365');
INSERT INTO "Umiejętność" VALUES(109,'Business Analysis');
INSERT INTO "Umiejętność" VALUES(110,'Agile');
INSERT INTO "Umiejętność" VALUES(111,'DevOps tools');
INSERT INTO "Umiejętność" VALUES(112,'Google Data Tools');
INSERT INTO "Umiejętność" VALUES(113,'web analytics');
INSERT INTO "Umiejętność" VALUES(114,'Data Visualization Tools');
INSERT INTO "Umiejętność" VALUES(115,'Statistical analysis');
INSERT INTO "Umiejętność" VALUES(116,'Problem-solving');
INSERT INTO "Umiejętność" VALUES(117,'Computer Vision');
INSERT INTO "Umiejętność" VALUES(118,'Apache Beam');
INSERT INTO "Umiejętność" VALUES(119,'Java/Scala/Python');
INSERT INTO "Umiejętność" VALUES(120,'Kafka/BigQuery/Airflow');
INSERT INTO "Umiejętność" VALUES(121,'AWS / GCP');
INSERT INTO "Umiejętność" VALUES(122,'PostreSQL');
INSERT INTO "Umiejętność" VALUES(123,'C#');
INSERT INTO "Umiejętność" VALUES(124,'.Net');
INSERT INTO "Umiejętność" VALUES(125,'SQL Server');
INSERT INTO "Umiejętność" VALUES(126,'Oracle');
INSERT INTO "Umiejętność" VALUES(127,'database architecture');
INSERT INTO "Umiejętność" VALUES(128,'PL/SQL');
INSERT INTO "Umiejętność" VALUES(129,'Oracle Data Guard');
INSERT INTO "Umiejętność" VALUES(130,'Azure Data Lake Storage');
INSERT INTO "Umiejętność" VALUES(131,'Azure Analytics Services');
INSERT INTO "Umiejętność" VALUES(132,'Azure Data Services');
INSERT INTO "Umiejętność" VALUES(133,'Statistics');
INSERT INTO "Umiejętność" VALUES(134,'NumFOCUS stack');
INSERT INTO "Umiejętność" VALUES(135,'R');
INSERT INTO "Umiejętność" VALUES(136,'Power Apps');
INSERT INTO "Umiejętność" VALUES(137,'Dataverse');
INSERT INTO "Umiejętność" VALUES(138,'Power Platform');
INSERT INTO "Umiejętność" VALUES(139,'Power Automate');
INSERT INTO "Umiejętność" VALUES(140,'AML');
INSERT INTO "Umiejętność" VALUES(141,'Oracle APEX');
INSERT INTO "Umiejętność" VALUES(142,'JavaScript');
INSERT INTO "Umiejętność" VALUES(143,'Dynamic Actions');
INSERT INTO "Umiejętność" VALUES(144,'MDM');
INSERT INTO "Umiejętność" VALUES(145,'BI systems');
INSERT INTO "Umiejętność" VALUES(146,'Data Query');
INSERT INTO "Umiejętność" VALUES(147,'Adobe CC');
INSERT INTO "Umiejętność" VALUES(148,'DynamoDB');
INSERT INTO "Umiejętność" VALUES(149,'Siebel');
INSERT INTO "Umiejętność" VALUES(150,'REST API');
INSERT INTO "Umiejętność" VALUES(151,'Azure SQL DB');
INSERT INTO "Umiejętność" VALUES(152,'BI');
INSERT INTO "Umiejętność" VALUES(153,'SSAS');
INSERT INTO "Umiejętność" VALUES(154,'DWH');
INSERT INTO "Umiejętność" VALUES(155,'ORM');
INSERT INTO "Umiejętność" VALUES(156,'Symfony');
INSERT INTO "Umiejętność" VALUES(157,'PHP');
INSERT INTO "Umiejętność" VALUES(158,'DDD');
INSERT INTO "Umiejętność" VALUES(159,'CQRS');
INSERT INTO "Umiejętność" VALUES(160,'Microsoft BI');
INSERT INTO "Umiejętność" VALUES(161,'MQ');
INSERT INTO "Umiejętność" VALUES(162,'RLS');
INSERT INTO "Umiejętność" VALUES(163,'Azure Synapse');
INSERT INTO "Umiejętność" VALUES(164,'PyTorch');
INSERT INTO "Umiejętność" VALUES(165,'TensorFlow');
INSERT INTO "Umiejętność" VALUES(166,'LLM Orchestration');
INSERT INTO "Umiejętność" VALUES(167,'transformers');
INSERT INTO "Umiejętność" VALUES(168,'Deep Learning');
INSERT INTO "Umiejętność" VALUES(169,'unit tests');
INSERT INTO "Umiejętność" VALUES(170,'Bash');
INSERT INTO "Umiejętność" VALUES(171,'Data Lake');
INSERT INTO "Umiejętność" VALUES(172,'Microsoft Azure Cloud');
INSERT INTO "Umiejętność" VALUES(173,'Apache Airflow');
INSERT INTO "Umiejętność" VALUES(174,'PL/pgSQL');
INSERT INTO "Umiejętność" VALUES(175,'GraphQL');
INSERT INTO "Umiejętność" VALUES(176,'API Design');
INSERT INTO "Umiejętność" VALUES(177,'Hasura');
INSERT INTO "Umiejętność" VALUES(178,'makefile');
INSERT INTO "Umiejętność" VALUES(179,'Web scraping');
INSERT INTO "Umiejętność" VALUES(180,'Scrapy');
INSERT INTO "Umiejętność" VALUES(181,'NoSQL');
INSERT INTO "Umiejętność" VALUES(182,'BeautifulSoup');
INSERT INTO "Umiejętność" VALUES(183,'SDLC');
CREATE TABLE IF NOT EXISTS Waluta (
        ID INTEGER PRIMARY KEY,
        Nazwa TEXT
    );
INSERT INTO "Waluta" VALUES(1,'PLN');
CREATE TABLE IF NOT EXISTS Źródło (
        ID INTEGER PRIMARY KEY,
        Nazwa TEXT
    );
INSERT INTO "Źródło" VALUES(1,'justjoin.it');
COMMIT;
